area,bedrooms,bathrooms,age,location_score,garage_spaces,has_basement,has_pool,price
2397,4,4.2,14,5.4,1,1,0,618981
1889,3,2.6,1,7.3,1,0,0,523059
2518,4,5.0,10,2.6,2,0,1,567770
3218,5,5.0,3,3.9,1,0,1,669742
1812,2,2.4,12,1.7,2,1,1,411801
1812,3,2.9,15,6.2,0,1,0,530784
3263,5,5.0,12,3.2,1,1,0,608119
2613,4,4.1,20,6.8,0,1,0,680766
1624,3,2.6,6,3.2,1,1,0,424665
2434,5,4.7,21,8.3,0,1,1,729164
1629,2,2.8,8,7.9,0,0,0,535900
1627,2,1.9,9,5.7,0,1,0,481514
2193,3,2.8,15,6.3,1,0,0,521206
500,1,1.3,0,5.1,1,0,1,358940
620,1,1.7,15,8.8,0,1,0,429587
1550,2,1.6,14,8.1,1,0,0,500550
1189,2,2.4,5,8.9,0,1,0,511921
2251,3,2.7,1,5.9,2,1,0,608184
1273,2,1.6,1,6.1,1,1,0,457366
870,1,1.0,38,1.6,1,0,1,247917
3172,5,5.0,17,3.2,2,0,0,682641
1819,3,2.7,2,6.1,1,0,0,484580
2054,4,3.6,6,7.1,1,1,1,655188
860,1,1.2,13,4.9,1,1,0,341581
1564,1,1.8,27,6.3,2,1,1,540356
2088,4,3.9,0,4.5,1,1,1,615329
1079,3,3.1,4,5.0,2,1,0,437163
2300,4,3.6,33,3.2,2,1,0,532224
1519,3,3.2,0,8.5,1,1,0,614761
1766,3,3.4,3,6.0,1,0,1,567467
1518,3,3.4,47,5.8,1,1,1,524263
3481,5,5.0,14,3.1,0,1,0,650577
1989,4,4.0,4,5.3,1,0,0,515973
1153,2,1.7,1,2.8,2,0,0,300474
2658,5,5.0,0,7.2,1,0,1,709099
1023,3,2.6,4,6.8,1,1,0,456034
2167,4,4.6,31,4.8,1,0,0,517931
500,1,1.9,8,3.9,1,1,0,297366
937,2,3.0,19,9.9,0,1,0,525787
2157,3,3.8,37,4.1,1,1,1,522277
2590,4,4.4,7,6.1,1,0,0,639603
2137,3,3.6,3,7.8,0,0,0,622842
1907,3,2.9,10,4.5,2,0,0,464876
1759,3,3.4,35,8.8,1,0,0,598076
817,1,1.2,24,3.4,1,1,0,267499
1424,3,3.2,1,3.0,0,0,0,409252
1631,3,3.6,17,6.3,1,1,0,521107
2845,5,4.9,12,4.5,1,0,1,647723
2274,4,4.0,35,8.7,1,1,0,609188
589,1,1.9,1,2.9,2,1,1,328616
2259,4,3.6,11,5.4,0,1,0,565131
1691,2,2.2,31,8.7,1,1,0,567344
1458,2,2.9,7,3.8,1,0,0,390567
2489,4,4.4,9,6.7,2,1,0,687235
2824,4,4.3,1,2.4,1,1,0,594844
2745,4,3.9,4,3.1,0,1,0,574720
1328,2,2.0,5,6.4,0,1,0,492872
1752,3,3.8,43,3.2,2,1,0,412261
2265,4,4.3,4,5.9,2,1,0,602814
2780,5,5.0,9,3.8,1,1,0,627601
1616,3,2.6,16,8.6,1,1,0,593973
1851,3,2.5,2,5.3,1,0,0,509020
1114,2,2.9,9,5.8,2,1,0,406854
1043,2,2.1,20,6.5,2,1,1,430084
2650,5,5.0,30,4.4,2,1,0,610456
3084,5,4.6,14,7.2,2,1,1,732201
1942,2,2.5,16,8.9,2,0,0,616066
2802,5,5.0,2,4.1,1,1,1,655394
2289,5,5.0,43,5.6,2,1,0,570846
1483,3,2.7,2,3.8,1,1,0,409807
2289,4,4.4,22,1.5,2,0,0,461371
3230,6,5.0,4,4.4,1,1,0,654594
1971,3,3.1,40,8.2,0,1,1,582417
3251,6,5.0,19,5.9,1,1,0,727018
500,1,1.5,21,2.3,1,1,0,211205
2657,4,4.8,3,7.2,1,1,0,689308
2069,4,4.4,8,8.2,1,1,0,689651
1760,4,3.7,14,4.2,1,1,0,508456
2073,3,3.0,22,2.1,1,0,0,393865
500,1,1.0,1,4.4,1,0,0,243084
1824,3,3.9,49,7.5,0,0,0,505279
2285,4,4.6,33,3.9,2,1,0,579614
3182,5,5.0,4,5.5,1,1,0,654820
1585,1,1.0,25,7.1,0,1,0,473707
1353,2,1.8,10,5.4,1,1,0,426118
1598,2,2.6,9,5.6,1,1,0,515511
2732,4,4.2,5,7.4,0,1,1,744274
2263,4,3.8,13,3.1,1,0,0,445115
1576,2,2.4,19,1.5,1,1,1,404819
2410,5,4.6,7,4.6,1,0,0,502587
2077,4,4.0,14,5.0,1,0,1,568408
2774,5,5.0,18,6.6,1,0,0,692541
1438,3,2.7,18,6.5,0,0,0,504715
1737,2,3.0,0,4.3,2,0,0,470260
1686,3,2.8,29,3.0,1,1,0,386187
829,1,1.0,9,6.9,1,0,1,377029
2236,4,3.8,4,2.2,0,1,0,514926
2208,3,3.7,4,4.2,1,0,0,564673
2004,3,3.1,9,2.6,1,0,0,417825
1812,3,3.3,32,3.6,0,1,1,452505
867,2,1.5,7,2.6,1,1,0,333339
1663,2,1.6,20,2.8,0,1,0,392632
1725,2,2.2,1,3.1,1,1,0,416596
1358,3,3.7,9,7.4,1,1,0,500970
1870,3,3.8,60,4.7,0,1,1,449161
2323,5,4.6,22,4.0,2,1,0,595760
3508,5,5.0,3,4.2,0,1,0,693549
2139,4,4.9,10,7.4,1,0,0,604481
2206,4,4.1,3,3.2,1,1,1,559677
1940,4,4.7,7,6.8,1,0,0,577618
500,1,1.0,22,7.5,1,1,1,407083
1978,3,3.9,22,8.1,0,1,0,586038
2048,3,3.6,3,2.9,2,0,0,459391
3970,6,5.0,38,2.7,1,0,0,667966
1846,3,3.5,13,5.2,0,0,0,497389
2241,3,3.0,7,6.9,1,1,1,636871
1972,3,3.9,10,3.6,2,0,0,488434
1065,1,1.0,13,1.9,1,0,0,226807
2914,4,4.0,12,5.5,0,1,1,692951
2601,4,4.6,9,3.4,1,1,0,579282
2632,6,5.0,10,7.2,1,0,0,708749
1272,3,3.9,2,8.3,1,0,0,538394
3122,5,4.8,25,3.7,2,0,0,642220
878,1,1.7,11,4.1,1,0,1,279955
2469,4,4.6,2,4.8,1,0,0,615812
3752,6,5.0,21,6.9,2,1,0,798826
1207,1,1.1,40,4.5,1,1,0,382952
1546,3,2.9,44,8.6,1,1,0,544135
2079,4,4.0,6,3.4,1,1,0,455478
1597,3,4.0,2,6.4,1,0,0,508456
759,1,1.5,10,8.3,1,0,0,375072
2054,3,3.6,1,5.9,1,1,0,600919
1150,2,3.0,40,4.0,2,0,0,336527
2378,4,4.1,3,1.8,2,1,0,478724
1264,2,2.7,4,7.8,1,1,0,530305
3239,5,5.0,7,5.6,1,1,0,724809
1373,2,2.8,7,4.6,1,0,0,421765
1742,4,3.8,23,9.7,0,0,1,623223
2650,4,4.9,9,7.2,1,1,0,727499
1015,1,1.0,2,5.9,1,1,0,388154
2181,4,4.0,4,5.6,1,0,1,541243
3045,5,5.0,10,6.6,2,1,0,712570
714,1,1.1,2,4.3,0,0,0,295135
2147,4,4.4,14,2.8,1,0,1,476706
2207,4,4.2,12,7.7,1,1,0,683741
2625,5,5.0,18,5.7,1,1,0,611479
1010,1,1.0,41,3.5,2,1,0,341946
943,1,1.0,36,6.1,2,1,1,397368
2417,4,3.9,43,2.4,0,0,1,512866
2237,3,3.2,4,7.8,0,1,1,665408
2200,4,3.8,2,8.1,0,0,0,631175
2277,5,5.0,5,6.3,1,1,0,653172
1455,2,2.1,33,3.4,1,1,0,408999
2185,4,3.6,53,3.3,1,0,0,450275
2234,3,3.4,29,7.3,1,1,1,575570
1428,2,2.8,1,7.5,1,1,0,560561
3492,6,5.0,44,9.3,1,1,0,837702
2379,4,4.4,8,5.8,1,1,0,690876
1046,2,2.5,0,4.8,1,0,0,357439
2525,4,4.1,8,5.2,0,0,0,564176
1220,1,1.6,0,4.6,1,0,0,395733
2629,5,5.0,11,3.0,1,0,0,574527
2926,5,5.0,6,6.3,1,1,0,722998
1343,3,2.5,9,6.0,2,1,1,491162
2770,5,5.0,14,6.7,2,1,0,677394
2330,3,3.5,30,4.5,2,1,0,529287
2657,4,3.6,16,4.4,1,1,1,570540
3517,5,5.0,8,7.6,1,0,0,860543
1803,3,4.0,25,4.6,1,1,0,452621
1397,3,3.1,35,4.2,1,1,0,396818
1288,3,3.3,1,6.7,1,1,0,517533
1347,2,2.9,11,5.7,0,0,0,418996
1938,3,3.6,5,8.5,1,1,0,610819
2272,4,4.4,0,7.4,1,0,0,631182
2221,3,3.7,16,4.7,2,1,0,537462
2661,5,5.0,29,3.0,1,1,0,553486
2010,3,3.2,2,5.1,2,0,0,540316
3162,5,5.0,25,7.0,1,1,0,713339
1788,4,4.1,28,5.0,0,1,0,517573
4176,6,5.0,36,6.6,1,1,0,855500
2500,4,4.5,4,6.8,1,1,0,645295
1314,2,1.6,35,6.1,0,0,0,385210
1143,2,2.8,5,5.4,1,1,0,459183
2385,5,5.0,12,5.7,1,1,1,672152
1821,2,1.6,0,4.0,1,0,0,442719
2571,5,5.0,0,5.5,1,1,0,630505
2378,3,3.1,19,2.8,1,1,0,511207
1941,3,3.8,8,8.4,0,0,0,590944
1322,2,1.8,4,4.3,2,0,0,450810
788,2,2.7,3,8.1,1,0,1,467033
1642,2,2.3,16,3.2,1,1,0,454754
2685,5,4.6,0,3.7,1,1,1,635044
2171,5,5.0,24,5.6,2,0,0,548214
1003,1,1.3,1,5.0,1,1,0,474461
2138,4,3.9,3,8.9,1,0,1,638751
2308,4,4.2,7,3.8,1,1,0,485058
1292,2,2.8,9,3.3,1,1,1,338597
2122,4,4.0,6,5.0,1,1,1,664030
2046,3,2.8,5,6.9,1,0,0,629239
1085,2,1.7,49,5.1,2,1,0,381320
2286,5,4.9,15,2.5,0,1,0,509344
2448,4,4.7,0,3.7,2,1,0,591287
2866,5,5.0,8,8.2,2,1,0,720400
2843,4,3.8,31,6.1,1,0,0,678124
897,1,1.0,5,5.1,1,1,0,399475
1249,2,2.0,1,4.9,1,1,0,380147
2412,5,5.0,21,5.9,2,1,0,649410
2411,4,4.0,13,3.5,0,1,0,523717
2412,4,5.0,12,5.7,1,1,0,611505
5000,6,5.0,0,2.0,1,0,0,802627
2456,3,2.8,2,3.6,2,0,0,529750
2908,5,5.0,14,8.6,1,0,0,734954
2763,5,5.0,3,3.3,1,0,0,615087
2521,4,4.6,10,1.2,0,1,1,502690
1747,3,4.0,11,1.8,1,1,0,383063
2607,4,3.6,5,2.4,0,1,0,518083
1381,2,1.6,44,5.9,2,1,0,435281
1810,3,3.6,27,7.4,1,1,0,557098
1611,4,3.9,19,4.6,1,0,0,472432
2065,3,2.8,1,6.3,1,0,0,544700
3851,6,5.0,1,3.1,1,0,0,700187
506,1,1.0,10,7.6,0,1,0,327916
2549,5,5.0,2,6.8,1,0,1,688022
709,1,1.0,57,5.1,0,0,0,297840
1622,2,2.2,2,2.8,1,1,0,396325
2871,5,5.0,10,4.6,0,1,0,619466
2051,4,4.1,6,3.0,1,1,0,466602
1137,2,1.5,15,7.4,1,1,0,410724
1427,1,1.7,2,5.1,1,1,0,467933
2543,5,4.5,8,7.3,0,1,0,687301
1415,2,2.6,4,2.1,1,1,0,379688
2173,4,4.8,32,7.5,1,1,0,632692
2036,2,2.1,0,6.4,1,0,0,514159
1478,3,3.3,36,6.5,0,0,0,441054
3715,6,5.0,26,3.5,2,0,0,692983
2507,5,5.0,5,5.4,1,1,0,621334
500,1,1.8,23,5.5,0,1,0,290278
2149,3,3.8,0,6.9,1,0,0,625023
1470,2,2.0,51,3.3,1,0,0,396251
2681,5,5.0,11,3.3,1,1,0,560751
1365,2,2.9,5,2.9,0,1,1,381723
1908,3,3.9,6,2.6,0,1,0,441663
2403,5,5.0,1,2.7,1,1,1,539146
2692,4,4.2,60,5.5,1,1,0,600624
1039,3,2.9,0,5.7,1,1,0,444229
1732,3,3.9,15,3.0,1,0,0,411499
1620,2,1.7,8,5.6,2,0,0,487810
1477,2,2.4,44,6.2,0,1,1,463049
3412,6,5.0,4,7.6,0,1,0,716265
2323,4,3.9,11,1.9,1,1,0,454144
991,2,2.1,9,5.8,1,1,0,450692
2734,5,5.0,18,6.2,1,1,0,690288
3697,5,4.6,1,5.9,1,0,1,710304
2825,5,5.0,3,3.7,0,1,0,562295
784,1,1.0,3,2.8,1,1,0,300334
1612,3,2.7,20,2.5,1,0,0,351155
3013,5,5.0,3,7.1,1,1,1,691092
1433,2,2.3,12,2.6,2,0,0,391141
2355,3,2.9,3,2.6,0,0,1,507916
2619,4,4.0,29,5.5,2,1,0,603200
1258,2,1.6,42,1.8,1,1,0,325710
1952,3,3.0,10,7.7,2,0,0,567497
500,1,1.9,6,4.2,1,1,0,274512
1180,1,1.9,3,7.9,1,1,0,473629
1797,3,3.0,0,4.1,1,1,0,420775
1001,2,2.4,4,5.1,1,0,0,387301
3305,5,5.0,15,6.2,1,0,0,741203
855,2,1.5,11,8.3,1,0,1,450044
1647,2,2.7,43,4.1,2,1,0,450427
2104,3,3.9,7,3.5,1,1,0,452146
3153,5,4.6,17,3.0,1,1,0,646342
851,1,1.0,10,5.7,1,1,0,377881
2930,5,5.0,10,7.1,1,1,1,735879
2008,3,3.3,4,6.9,1,1,0,599183
1214,1,1.0,9,7.7,1,1,0,446032
2369,3,2.9,9,7.7,2,0,0,674233
2159,4,4.2,18,3.9,1,0,0,516491
1519,2,2.5,42,1.3,0,1,0,309589
2055,4,4.6,5,4.3,1,1,0,520728
1691,3,4.0,0,7.4,2,1,0,612175
2090,3,2.9,10,3.2,1,1,0,512911
2529,4,4.3,11,7.1,2,1,1,755886
3268,6,5.0,2,5.3,1,1,0,716201
1009,1,1.1,21,5.4,1,1,1,419836
3706,6,5.0,60,7.2,1,1,1,862583
500,1,2.0,43,4.2,1,0,0,237308
1878,4,4.8,3,8.1,1,0,0,653122
2470,4,4.2,31,6.0,1,1,0,615365
2224,3,3.4,18,8.9,1,0,0,611920
1501,3,2.8,9,5.5,2,1,0,468621
1833,4,4.3,11,4.2,2,0,0,448857
1605,3,3.5,28,7.7,2,0,0,539032
1528,3,3.3,9,5.6,2,0,0,476354
2679,4,5.0,7,2.4,1,0,0,540531
2285,3,3.4,10,8.9,1,0,0,697051
1445,3,3.1,12,5.9,2,0,0,475307
2719,5,5.0,3,8.4,1,1,0,742866
2245,4,3.8,34,5.9,1,0,1,573214
2650,5,5.0,16,3.4,1,0,0,506599
2503,3,3.0,15,6.3,0,0,0,601863
1336,3,3.1,1,6.9,1,1,0,501996
1551,2,2.7,13,3.7,1,1,0,417129
2597,4,4.2,1,4.5,1,1,0,598817
2488,4,4.7,1,5.3,2,0,0,619581
1983,4,4.4,11,8.4,1,0,1,607807
2093,5,5.0,7,1.9,1,1,0,477527
3022,5,5.0,13,5.2,1,1,0,665119
1526,2,1.9,1,7.4,2,0,0,520367
2437,4,3.8,8,2.6,1,1,0,488591
1838,4,4.3,2,9.9,1,0,0,670316
1825,3,2.9,60,7.6,2,0,0,532642
2879,6,5.0,12,2.7,0,1,1,571015
2660,5,5.0,17,5.3,2,1,0,682990
2650,5,5.0,5,3.7,1,0,0,564569
3044,5,5.0,1,3.9,1,0,0,625721
2016,4,5.0,55,5.5,0,1,0,538866
2545,5,5.0,5,1.6,1,1,0,556601
1751,3,3.8,8,1.8,1,1,0,390743
2259,3,2.7,15,5.6,2,1,1,606424
1895,3,3.4,0,4.8,2,1,0,549859
2077,4,4.8,24,5.7,2,0,0,598937
2476,5,5.0,11,5.7,1,0,1,641980
1345,2,2.6,4,3.5,2,1,0,419352
3673,6,5.0,0,6.4,1,1,0,788341
1195,2,1.6,2,6.1,2,0,0,391430
1028,2,2.2,33,9.5,1,1,0,521606
2926,4,4.1,17,4.3,1,0,0,580312
2633,4,4.8,4,3.4,2,0,0,547029
2499,5,4.9,1,7.0,2,0,0,697322
2502,5,5.0,17,5.6,1,1,0,625216
1990,3,3.9,12,3.6,1,0,0,472027
1282,2,1.9,7,5.8,0,0,1,393742
2060,3,3.0,6,6.6,1,1,0,552067
1458,2,2.8,3,5.5,1,1,0,515478
2780,5,5.0,16,6.4,0,1,0,653059
1882,3,3.2,52,3.9,0,0,0,401141
1339,2,2.0,2,7.2,0,1,1,513200
1742,3,3.3,13,6.4,1,1,0,500541
2330,4,4.5,8,2.8,0,0,0,524783
1549,2,1.9,8,6.6,1,1,0,497705
1342,3,3.6,4,4.2,1,1,0,421747
2194,4,3.6,26,9.8,1,0,0,701523
2195,4,3.6,9,4.4,1,1,1,593553
1594,2,2.1,11,3.2,1,1,0,459489
1623,2,2.0,5,4.0,1,1,1,443649
2185,4,4.0,3,5.4,1,1,0,644598
841,1,1.2,1,4.5,1,0,1,364504
874,1,1.0,18,6.5,2,0,0,434192
1425,3,2.8,3,2.8,1,1,1,444174
1829,3,3.0,17,3.3,1,1,0,424620
2248,4,5.0,7,5.4,1,1,1,593148
3180,6,5.0,8,2.5,1,1,0,579076
2686,5,5.0,9,7.4,2,0,0,646802
1872,2,2.4,6,3.5,1,1,0,431472
1984,4,5.0,1,4.9,1,1,1,614290
1197,2,1.9,5,2.6,0,1,0,307696
1985,3,3.5,16,2.3,1,1,0,418107
1769,3,3.6,16,8.1,1,1,0,608469
2258,3,3.4,5,4.4,2,1,0,531114
1338,2,1.6,9,3.3,2,1,0,439576
2415,4,4.5,3,7.3,1,1,0,660549
3226,5,4.6,3,9.4,2,1,0,880640
1912,2,2.4,0,5.0,1,0,0,478437
2321,4,4.6,34,7.0,2,1,1,665057
2552,4,3.8,3,7.6,2,1,1,760652
1679,4,4.8,3,6.3,0,0,0,524960
2179,3,2.5,4,4.6,1,1,0,575093
2010,2,2.8,2,8.8,1,0,0,589101
2078,3,3.2,15,3.3,0,1,0,423389
1381,3,2.8,1,8.3,1,1,0,498440
2019,3,2.7,2,4.6,2,1,0,567328
2398,4,4.9,15,4.3,2,1,0,612807
3160,5,4.6,6,2.4,1,0,0,589430
2767,5,4.8,18,4.7,2,1,0,655602
3722,6,5.0,12,3.7,2,0,0,758123
1386,3,3.4,4,7.7,0,0,0,496413
2697,4,4.3,15,6.9,1,1,0,625838
2146,3,2.7,1,6.3,0,1,0,514300
3751,6,5.0,11,4.1,0,0,0,679480
1353,2,1.9,8,7.7,1,1,0,510026
1328,2,1.8,4,3.1,1,1,0,339911
1520,2,2.1,13,3.9,2,1,0,457004
500,1,1.6,30,4.1,2,1,0,244792
1579,3,2.8,60,6.6,1,1,0,455676
1392,2,2.1,14,3.7,2,1,0,349199
2120,3,3.1,7,6.6,1,0,0,553444
2273,4,5.0,3,1.5,2,1,0,497573
3500,5,5.0,4,9.0,1,1,0,894132
2760,5,5.0,9,4.4,1,0,0,614599
1538,3,2.9,6,7.4,2,0,0,556987
1281,1,1.0,36,1.5,1,0,1,308073
2393,4,4.0,6,2.0,1,1,0,511128
943,1,1.0,7,8.7,1,1,0,444661
3465,5,5.0,7,2.8,1,1,0,681338
2943,5,5.0,27,6.5,2,1,0,761194
1624,2,2.8,15,7.6,0,1,0,515431
629,1,1.8,14,3.3,2,1,0,305919
3083,5,5.0,6,8.3,0,0,1,795025
1908,3,3.5,25,6.2,1,0,0,507890
2990,5,5.0,0,7.3,0,1,0,765919
724,1,1.0,30,4.3,1,1,0,283339
1520,3,3.6,10,3.1,0,1,0,410991
2004,3,2.5,7,6.7,1,1,1,587698
2037,3,3.1,10,7.7,1,0,0,588748
1639,4,4.0,16,6.0,0,1,0,533887
2498,5,5.0,0,8.8,1,1,1,705350
1145,1,1.6,30,7.4,1,0,0,442909
1886,4,4.0,8,8.6,1,1,0,656135
2096,4,4.7,6,9.2,1,1,1,694472
2411,3,2.9,2,7.9,1,1,0,661779
2569,5,5.0,8,6.6,1,1,0,645593
1100,3,3.6,10,2.8,0,0,0,294029
772,1,1.5,7,9.5,1,0,1,493168
3022,5,5.0,17,3.7,1,1,1,738794
2265,4,3.8,8,4.9,1,1,0,587318
1401,2,2.5,48,3.7,2,0,1,361270
3240,6,5.0,13,5.1,1,0,0,717673
2092,4,4.9,24,3.2,1,1,0,511266
2943,5,4.7,1,6.3,1,1,0,661554
2054,3,3.6,7,4.9,1,1,0,523403
3648,6,5.0,6,5.9,2,0,0,783683
3404,6,5.0,12,7.0,1,0,0,775422
1800,3,3.2,29,2.0,1,0,0,372854
2777,5,5.0,1,7.4,1,1,1,758873
2516,3,3.4,1,4.1,1,0,0,519065
3094,5,5.0,28,4.5,1,1,1,674126
1228,2,2.4,3,6.2,1,1,1,472986
2548,4,4.4,16,3.4,1,0,0,570758
2846,5,5.0,11,5.4,1,1,0,648795
593,1,1.0,26,6.3,2,1,0,350025
1053,2,1.8,2,6.1,2,1,0,431079
500,1,1.2,2,4.2,1,1,0,337021
1784,3,3.0,12,4.6,0,0,0,466434
2574,4,3.8,43,1.9,0,0,0,423469
3201,5,5.0,8,3.1,1,1,0,657643
2059,3,3.0,5,2.6,2,1,0,444731
3302,5,4.9,13,7.0,1,0,0,757657
895,2,2.2,39,3.7,0,1,0,336180
637,1,1.0,27,5.4,2,1,1,301150
1955,2,2.9,60,5.7,2,0,0,452353
2307,5,5.0,0,4.5,1,1,1,616515
1973,4,4.6,1,3.1,1,0,0,460079
500,1,1.0,14,4.6,1,1,0,296218
1928,4,4.7,25,8.0,1,1,0,612860
956,1,1.7,5,7.1,2,0,0,378296
2535,4,4.7,4,8.2,0,1,0,714659
2293,4,3.7,23,8.7,1,1,1,656715
1248,2,2.5,0,4.8,1,1,0,425925
1588,2,2.8,6,4.9,2,0,0,443124
1152,2,2.4,10,6.1,2,1,0,525272
1949,3,3.5,12,3.3,2,1,0,478653
2764,4,4.2,19,5.6,1,1,0,654009
1211,2,2.3,6,5.3,2,1,0,455139
2403,4,3.6,14,3.9,1,0,0,537288
1575,3,3.5,13,5.2,1,0,0,457799
1365,3,2.6,11,5.9,1,1,1,462282
1914,3,3.2,15,5.8,2,0,0,524325
1171,2,1.9,4,7.1,2,1,0,429343
1557,3,3.3,1,3.0,1,1,0,432666
1041,2,1.7,1,5.9,0,1,0,491734
3571,6,5.0,3,6.6,2,1,0,827420
2028,4,4.7,10,6.6,1,1,0,607545
1440,3,2.7,27,3.2,2,1,0,351642
2171,3,2.7,18,7.5,1,0,0,562641
1910,4,3.7,23,3.6,0,0,0,464645
1823,3,3.8,6,6.6,1,0,0,495541
2491,4,4.3,7,5.6,0,1,0,584480
2606,4,4.2,7,5.8,1,1,0,657156
1575,3,2.7,3,4.4,0,0,0,443873
1539,2,2.5,0,8.1,1,1,0,550408
1779,4,4.8,13,2.5,0,0,1,436760
500,2,2.7,60,7.4,2,1,0,380611
787,1,1.4,2,1.9,1,0,0,199838
3093,4,3.6,0,7.2,1,1,0,737959
3315,6,5.0,22,6.3,2,1,0,774456
1800,3,2.6,4,4.1,1,1,0,468147
2461,4,3.9,26,1.8,1,0,1,431753
2249,4,3.7,18,2.8,1,1,0,539549
4463,6,5.0,43,3.4,2,0,0,748358
2895,5,5.0,7,9.0,2,1,0,803963
1897,3,3.9,16,5.4,1,1,0,534493
1235,3,3.4,9,4.6,2,1,0,423355
714,2,2.8,14,8.4,1,1,0,462815
2162,3,3.6,8,7.2,1,1,0,590781
1394,2,1.7,3,3.6,2,1,0,470292
862,2,2.6,10,3.3,1,0,0,293624
1482,2,1.9,11,4.5,2,1,0,466010
1134,2,2.5,24,6.6,0,0,0,373101
3349,6,5.0,19,2.3,1,0,0,640318
2705,4,5.0,16,8.0,2,1,0,712283
1993,3,2.9,1,6.4,1,1,0,526565
3183,5,4.9,19,5.4,2,0,1,690807
2061,3,3.9,10,3.6,2,1,1,509882
1310,3,2.5,33,5.6,2,0,0,431143
3218,5,5.0,37,4.5,1,1,0,752833
2431,4,4.6,0,4.1,1,1,1,684790
1170,2,2.8,25,2.2,2,1,0,320744
1847,3,4.0,0,8.4,1,1,0,651422
1299,3,4.0,6,6.9,1,0,0,449466
893,2,1.6,11,6.0,2,1,0,347238
2740,5,5.0,2,7.7,1,0,0,714117
3527,6,5.0,20,5.7,2,0,0,772628
881,1,1.5,0,5.0,0,1,0,372217
2450,4,3.7,2,2.2,0,0,0,509790
1479,2,2.5,13,4.0,1,1,0,403166
1610,2,3.0,18,6.6,1,1,0,509961
1526,4,4.9,37,7.3,1,0,0,543157
1308,3,3.2,18,2.9,0,1,0,391364
2038,3,2.6,16,9.8,2,1,0,648545
1335,2,2.0,7,8.8,1,1,0,545920
2216,4,4.7,0,3.8,1,1,0,563406
1959,4,4.6,1,7.6,1,0,0,609706
1808,3,3.2,11,6.1,1,1,0,513498
1273,2,1.6,16,3.5,0,1,0,347052
1538,3,3.1,8,3.2,0,1,0,415051
2604,5,5.0,19,7.1,1,0,0,642460
2400,4,4.9,11,6.5,0,0,0,569282
1217,1,1.5,1,2.9,1,1,0,402026
2079,3,3.0,3,6.2,1,1,0,577705
2601,4,4.3,27,7.1,0,1,0,676670
664,1,1.0,19,4.5,1,1,0,308764
2434,6,5.0,33,5.5,0,1,0,630189
1469,3,3.0,1,4.8,1,1,0,460855
2456,4,4.2,60,6.6,1,0,0,601333
1389,3,3.0,3,5.0,0,1,0,404994
556,1,1.5,0,2.4,2,0,0,188766
697,1,1.5,60,8.9,2,0,0,391345
2038,4,4.6,4,2.5,0,1,0,421586
2207,5,4.9,16,3.3,2,0,0,456530
1276,2,2.0,2,7.1,1,1,0,494572
2510,4,3.7,13,3.2,0,0,1,477719
670,1,1.5,35,8.1,0,0,0,396884
1947,4,3.6,5,3.7,1,1,0,536875
1031,1,1.4,16,8.5,1,1,0,429630
1478,2,2.8,3,3.0,1,1,1,427619
2037,3,3.8,14,5.3,2,1,1,634978
1311,3,3.2,6,7.6,1,0,0,487360
1692,3,3.2,3,6.7,1,1,0,560965
2805,4,3.6,5,3.5,1,0,0,642387
1538,3,3.5,2,6.6,2,1,0,489645
2668,4,4.7,34,7.8,0,1,0,645381
1096,1,1.0,7,4.5,1,1,0,380842
2423,4,4.1,4,3.3,1,1,0,609733
3153,5,5.0,8,3.3,1,0,0,604623
500,2,2.8,5,6.6,1,1,0,456071
1362,2,1.9,20,5.9,1,0,0,428398
2461,3,3.3,53,6.2,1,0,0,501902
1837,3,2.8,8,5.8,1,1,0,572754
2296,4,3.7,29,5.8,1,0,0,546411
1516,4,4.9,12,4.9,0,0,0,463775
2069,3,3.7,2,4.9,1,1,0,489904
1875,2,2.6,17,3.4,1,1,0,417802
2934,6,5.0,10,7.7,1,0,0,693173
2203,4,4.8,15,8.1,2,1,1,652270
2270,3,3.2,33,6.0,1,1,1,594941
1670,3,3.0,8,5.3,0,1,0,494003
1609,1,1.3,34,2.0,1,1,0,315477
1653,3,2.6,20,3.2,2,1,0,385245
2315,4,4.6,10,5.9,1,1,1,596516
1663,3,3.4,13,5.7,1,1,0,514308
2231,3,2.8,5,8.3,1,0,0,633040
3660,6,5.0,60,7.0,1,1,0,795842
2696,4,3.8,16,9.4,1,1,0,794472
1739,3,2.6,0,8.5,2,1,0,630940
2960,4,4.4,5,6.5,1,0,0,699470
1673,3,3.8,14,6.8,1,1,0,611621
500,1,1.0,0,4.5,1,1,0,289756
1193,2,1.6,0,9.1,1,1,1,629670
503,1,1.4,8,5.8,2,1,1,417676
1718,3,3.7,6,4.4,1,1,0,470422
2014,3,3.0,8,9.0,2,0,0,663425
3341,5,5.0,4,6.4,1,1,0,758263
2261,4,4.4,2,7.6,0,1,1,625628
1824,3,2.9,17,4.2,1,0,0,449038
2663,6,5.0,10,3.4,0,0,0,517546
500,1,1.6,3,7.4,1,1,0,395588
2188,4,4.4,5,2.1,1,1,0,506574
2616,5,5.0,13,4.1,1,1,0,595012
817,2,2.6,1,5.9,1,0,0,388168
2915,6,5.0,2,4.1,0,0,0,625631
2270,4,3.8,1,6.7,1,0,0,632930
1667,3,3.0,25,7.7,1,1,0,552724
2506,4,3.7,20,7.0,2,1,0,654278
3816,6,5.0,20,6.6,1,1,1,871888
2145,4,4.5,18,5.9,1,1,1,611756
2198,3,3.8,16,7.3,1,0,0,532893
1632,2,2.9,9,3.5,1,0,1,418131
1320,2,2.4,15,5.0,1,0,0,385884
2664,4,3.8,0,4.0,2,0,0,594103
1315,2,1.7,14,2.9,0,0,0,317799
2057,4,4.7,22,1.7,1,1,0,385729
1617,2,2.4,10,3.5,1,1,0,371288
2383,4,4.4,6,2.5,0,1,0,473574
2266,4,4.7,4,5.9,1,1,0,611653
2830,5,5.0,15,4.3,2,1,0,678815
1591,2,2.8,17,7.7,1,1,0,489210
1784,3,2.6,30,5.7,2,0,1,495916
1216,2,2.6,6,7.4,0,1,0,473665
1644,3,3.8,22,4.8,1,0,0,422738
2301,4,3.9,12,6.9,1,0,0,612141
2605,3,3.5,32,5.6,1,0,0,598208
1262,2,2.0,11,4.3,2,1,0,384935
2695,4,4.9,10,6.9,0,1,0,683227
3084,5,4.6,12,4.7,2,1,0,684044
2330,4,4.4,20,7.3,1,1,0,609126
3501,6,5.0,50,4.0,1,1,0,678893
1380,2,2.6,1,9.1,2,1,0,593499
1004,1,1.0,0,3.2,1,1,0,361892
577,1,1.0,41,2.7,2,1,0,284767
3196,6,5.0,11,3.9,1,0,0,637689
2523,5,5.0,14,1.4,2,0,0,484721
1955,3,2.8,9,7.5,1,1,0,590611
2223,4,3.7,1,3.6,0,0,1,501679
1099,2,2.6,21,2.3,1,1,0,347470
3956,6,5.0,20,3.3,0,1,0,728740
2103,4,4.9,5,4.7,1,1,0,557017
2087,3,2.7,5,7.3,0,0,0,585739
2580,4,4.5,27,7.3,0,1,0,658795
2384,4,3.8,1,2.8,1,1,0,533437
2179,4,3.7,31,3.9,1,1,0,515575
1367,3,3.5,4,7.2,1,1,0,516500
2377,4,4.4,13,7.1,1,1,0,621766
3505,6,5.0,41,4.7,1,1,0,764570
3076,6,5.0,17,6.1,1,0,0,674347
3274,6,5.0,8,5.8,1,1,0,793106
1591,2,2.1,17,4.7,1,0,0,430563
1208,3,4.0,6,8.1,2,0,1,534112
1899,4,3.9,4,9.2,1,0,0,653325
2044,3,2.9,60,6.9,1,1,0,565857
2875,5,5.0,20,3.5,1,0,0,640546
646,1,1.3,15,5.0,0,0,0,247050
3223,6,5.0,6,3.7,2,1,0,686759
1873,3,3.9,0,4.0,2,1,0,549076
1658,3,2.9,0,6.6,0,0,1,547356
1190,3,3.8,12,6.2,1,1,0,480780
676,2,1.7,21,8.4,1,1,0,478674
2658,5,5.0,11,8.4,1,0,0,711761
2058,4,4.9,27,8.8,2,1,0,598418
968,1,1.0,0,4.1,0,1,0,316164
963,2,3.0,6,6.8,1,1,0,506112
1731,4,4.2,4,7.8,0,1,0,591474
3335,5,5.0,8,8.0,1,1,0,783527
1792,3,3.5,1,6.7,0,0,0,564263
797,1,1.0,46,4.3,2,1,0,331185
1803,2,1.8,3,7.1,1,0,0,530370
1781,3,3.0,38,4.9,2,1,0,501873
500,1,1.0,8,7.6,0,0,0,319082
1956,3,2.7,60,5.3,1,1,0,470857
1815,3,2.7,12,2.8,1,0,1,431252
2556,5,5.0,40,7.5,1,1,0,707695
3479,5,5.0,0,3.4,2,1,0,693017
2901,6,5.0,20,9.3,1,1,0,793347
1784,3,2.7,35,5.0,1,1,0,515309
1114,2,2.5,2,6.1,0,1,0,501809
4058,6,5.0,1,7.3,0,0,0,827040
2047,4,3.6,8,3.8,1,0,0,490438
2011,3,2.8,40,2.8,1,1,0,385081
1980,4,4.9,11,6.5,1,1,0,589364
2158,4,4.7,11,6.8,1,0,1,614456
1884,3,3.0,2,2.5,0,0,0,441010
1541,2,2.5,0,5.0,0,0,1,415732
1562,2,2.3,24,4.4,1,1,1,409940
1973,4,4.5,1,6.1,1,0,0,606588
1565,2,2.5,15,8.5,1,1,0,537806
1429,3,3.4,36,5.9,0,0,0,433602
2085,3,2.9,3,7.6,0,0,0,587651
1796,3,2.6,16,4.0,1,0,0,414100
3203,5,5.0,1,2.4,0,1,0,591972
500,1,1.8,13,5.2,1,1,0,350407
2873,5,5.0,2,7.3,1,0,0,737472
2996,5,5.0,19,5.7,0,1,0,674849
500,1,2.0,5,3.7,0,0,0,240896
1725,3,2.7,9,1.3,2,1,0,399298
1702,3,3.5,13,4.6,1,1,0,487305
873,1,1.5,2,2.3,2,0,0,312994
1377,1,2.0,20,8.4,1,1,0,513614
1111,2,3.0,5,8.7,1,1,0,534609
3401,5,5.0,16,7.0,1,0,0,781865
2748,5,4.9,2,4.4,1,1,0,656233
3017,5,5.0,17,7.4,0,0,0,753931
2577,5,4.7,2,8.4,0,1,0,716262
1096,2,2.7,8,4.3,2,0,0,360143
1580,2,2.9,4,3.7,1,1,0,416661
2391,4,4.1,20,4.6,2,0,0,581144
1022,2,2.4,4,4.8,1,0,0,365196
2570,4,4.1,32,3.8,1,0,0,603403
1807,3,3.2,33,5.9,1,0,0,488817
1700,2,2.0,3,5.5,1,1,0,458951
2568,5,5.0,14,6.4,1,0,0,653641
2355,4,4.9,1,6.1,2,1,0,691964
1711,2,2.9,7,4.5,0,0,1,430247
2927,5,4.8,18,5.1,1,1,1,662501
1135,2,2.8,16,7.1,1,1,0,459795
2492,4,4.6,14,4.0,0,1,0,536462
2474,4,3.9,4,7.3,1,1,0,628173
1752,4,3.6,7,6.8,1,1,0,515415
2260,4,3.9,1,6.6,0,1,0,616372
999,1,1.9,19,9.2,1,0,0,494131
2739,5,5.0,10,6.4,1,1,0,666645
1852,4,4.6,18,6.2,1,1,0,554724
1581,3,2.9,4,2.7,1,0,1,416068
2839,5,5.0,5,6.4,0,1,0,655522
1436,3,2.5,6,7.5,0,0,0,517285
873,2,2.1,0,5.6,2,1,0,416117
754,1,1.4,6,4.6,2,1,0,361414
2484,5,4.7,24,4.1,1,1,0,594279
975,2,2.7,34,8.9,2,1,0,572572
3403,6,5.0,10,7.1,1,1,1,790622
500,1,1.5,9,6.3,0,1,0,308016
3357,6,5.0,0,2.6,0,1,0,699327
2168,3,3.4,31,7.5,2,0,0,617926
1922,4,3.7,0,4.4,1,1,0,518710
1564,3,2.5,43,3.3,2,1,0,386937
2319,3,3.9,10,6.3,2,0,0,595323
1969,3,2.9,6,5.3,1,0,0,502105
2882,4,4.7,38,6.8,0,1,0,623590
2091,4,5.0,0,4.9,0,1,0,579115
2120,4,3.8,13,3.0,0,1,0,413680
1709,3,2.9,11,3.2,0,0,0,369808
1954,3,3.5,3,5.5,1,0,1,533126
2246,5,5.0,8,8.9,0,1,0,754424
631,1,1.9,15,4.4,0,0,0,269696
921,1,1.3,19,6.9,1,0,0,397813
2594,5,5.0,0,3.6,1,0,0,547955
2136,5,4.7,41,3.5,1,0,0,506581
1852,3,4.0,2,7.9,1,0,0,675196
2014,4,4.9,3,3.5,1,0,0,505025
2278,4,3.7,4,5.8,2,0,0,583094
1568,2,1.9,0,4.0,0,1,0,352207
1377,2,1.7,1,5.9,0,0,0,445250
2156,4,3.9,60,9.8,2,1,0,646141
1217,3,3.7,5,4.8,1,1,0,409366
2326,4,4.1,1,6.7,1,1,0,665271
637,1,1.0,1,5.7,1,0,1,340431
2823,6,5.0,19,8.7,2,1,0,779735
2378,4,5.0,28,5.1,2,0,0,600453
2204,4,4.4,4,7.1,1,0,0,594098
2786,5,5.0,0,2.4,0,1,0,527651
3332,6,5.0,3,4.2,2,1,0,735369
2811,5,5.0,0,8.1,1,1,0,777950
527,1,1.7,1,8.1,1,1,0,398113
976,2,1.9,8,4.7,0,1,0,337906
1500,3,2.6,3,5.7,1,0,0,430597
2020,4,3.6,10,5.2,0,0,0,529804
2414,3,2.7,4,7.3,1,1,1,724046
1419,2,2.4,42,6.5,1,1,0,484626
2149,4,4.9,35,6.2,1,0,0,559144
1395,2,2.2,12,6.6,1,1,0,500293
1510,3,3.8,6,5.8,1,0,0,452445
874,1,1.2,7,4.9,0,1,0,347332
1261,3,3.6,7,4.0,1,1,0,378161
918,2,2.6,19,5.6,2,1,0,401294
1219,2,1.8,9,6.4,0,0,0,447350
2842,5,5.0,29,4.8,1,1,0,661201
1240,2,2.5,43,2.6,1,1,0,335454
4105,6,5.0,6,7.0,1,0,0,873288
2394,4,4.0,12,6.1,1,0,0,575596
2147,3,3.3,1,5.1,1,1,0,556114
1313,2,3.0,3,7.4,0,1,0,516658
2560,5,5.0,8,3.4,2,0,0,565505
1539,3,3.7,3,7.4,1,1,0,544142
2097,3,3.1,31,3.0,1,1,0,442733
4048,6,5.0,2,7.2,1,0,0,854611
1923,3,3.4,9,1.2,1,1,1,404360
2919,5,5.0,13,4.0,1,0,1,640602
1437,3,3.1,17,5.6,1,0,1,462231
1972,3,3.4,7,3.2,1,0,0,405812
3416,6,5.0,30,7.7,1,1,0,877948
1498,2,2.1,12,3.4,0,1,0,348037
3449,6,5.0,8,4.3,1,0,0,695439
2566,4,3.6,1,6.7,2,1,0,677955
1550,2,1.5,9,5.7,0,1,0,434753
2505,4,4.8,25,8.5,0,0,0,662908
2778,4,3.9,14,5.3,1,1,0,612603
2497,4,3.8,26,9.3,2,1,0,749655
743,1,1.6,10,4.8,2,1,0,348492
1418,2,2.0,1,3.0,1,1,0,401911
1801,3,3.3,0,5.5,2,0,0,562216
1940,3,2.7,5,4.4,1,1,0,488363
2496,4,4.9,17,5.4,2,0,0,632123
2142,4,4.8,23,5.8,1,1,1,648730
931,1,1.8,5,3.6,1,1,0,323015
2304,3,3.1,10,2.3,1,0,0,478212
2488,4,4.6,8,3.6,1,1,0,549201
2447,4,3.7,7,9.0,1,1,0,747956
2864,5,4.5,3,6.1,1,1,1,704286
2667,4,3.5,2,4.5,1,0,0,606531
2367,3,3.4,3,6.6,1,1,0,652493
1943,3,3.2,0,6.8,0,1,0,527790
671,1,1.3,3,2.7,2,0,0,240118
2343,4,3.5,0,6.6,2,0,1,629944
2166,3,3.1,14,6.0,2,1,0,616117
2217,3,3.6,5,5.7,1,0,0,522779
978,1,1.2,54,5.8,1,0,0,342930
1135,2,2.6,3,4.0,1,1,1,427594
2842,4,3.8,6,7.7,0,1,1,737321
1968,4,4.7,6,5.6,0,1,0,586601
2545,3,3.4,0,5.1,1,0,0,523662
2022,3,2.8,27,5.2,2,1,0,547277
2023,4,3.9,0,8.3,0,1,1,652307
2750,5,5.0,42,6.9,2,0,0,628246
1587,4,4.7,33,8.6,1,1,0,553607
2076,4,4.1,11,9.0,1,1,0,715273
1630,2,1.9,11,5.4,0,1,0,472766
1652,3,3.8,15,8.8,1,1,0,621297
1752,2,2.5,7,4.9,2,0,0,501408
2177,4,4.2,15,7.2,1,1,1,608535
1617,2,2.2,0,8.3,1,1,0,573411
3004,5,4.8,0,6.4,0,1,0,743432
1284,2,2.4,9,3.6,0,1,0,352801
1850,3,3.0,11,2.0,1,0,0,433073
1648,2,3.0,32,6.0,1,0,1,469781
3157,6,5.0,1,3.2,1,0,0,640782
2157,3,3.2,25,6.3,1,1,0,580766
2825,6,5.0,3,5.8,0,0,0,681237
811,2,2.9,7,6.9,2,1,0,435087
2213,4,4.7,5,6.1,1,0,1,643923
2711,5,5.0,7,7.3,0,1,0,711560
2065,4,4.6,2,7.5,1,0,1,590036
2852,4,4.4,10,2.5,0,1,0,610337
1586,3,3.2,24,1.7,1,1,0,334384
3127,6,5.0,8,2.2,1,1,0,675410
3839,6,5.0,10,4.6,2,1,0,783949
1709,2,1.9,28,2.9,1,0,0,359362
1643,3,3.9,18,5.9,1,0,0,499737
3162,6,5.0,10,9.1,0,1,0,791481
3263,6,5.0,4,7.8,1,1,0,748782
1581,3,3.3,32,3.6,1,0,0,390840
1663,3,3.4,12,6.1,0,1,0,512211
1774,3,3.3,3,3.0,1,1,0,488613
924,1,1.0,4,7.3,1,0,0,373939
1265,2,2.1,24,5.0,2,0,0,417006
1196,3,2.6,0,9.6,1,1,0,563402
1385,2,2.4,60,3.9,2,0,0,356191
1972,3,3.2,2,5.7,2,0,0,571201
2187,3,3.7,23,3.6,2,0,0,477697
3240,6,5.0,7,5.8,1,0,0,725225
1201,3,2.7,10,6.7,2,1,0,520818
2787,6,5.0,31,8.9,1,0,0,770528
1828,3,3.9,7,5.1,0,0,0,443151
1960,3,3.6,11,6.3,1,1,0,542011
2539,3,3.1,0,4.5,1,0,0,555368
1101,3,3.3,0,7.5,2,0,0,518538
2305,3,2.6,4,7.4,1,1,0,622863
2133,4,5.0,17,2.7,1,1,0,492842
2393,3,3.5,1,2.9,1,1,0,554869
2231,3,2.9,1,7.2,2,0,0,605760
3964,6,5.0,7,6.8,0,1,0,886274
1489,2,1.7,15,6.5,1,1,0,431516
1575,2,2.9,18,6.7,1,1,0,493817
1501,2,1.8,2,5.3,0,0,0,380565
1555,3,3.5,1,5.7,0,0,0,469300
1490,2,1.9,42,2.2,1,1,0,353729
2951,5,5.0,4,6.1,2,1,1,744083
3136,6,5.0,28,5.2,0,1,0,663687
1543,2,2.5,29,8.6,1,0,0,485171
1334,2,2.4,22,6.6,1,0,0,495920
2377,4,4.8,2,1.8,2,1,0,516967
1558,3,2.6,25,8.3,2,1,1,577395
2506,4,4.0,21,7.6,1,0,0,695795
2162,3,2.9,13,6.7,2,0,0,572478
787,2,3.0,6,6.6,0,1,0,376329
3238,5,5.0,4,4.3,1,1,0,668051
3436,6,5.0,1,4.4,1,1,0,700802
1509,3,3.5,10,4.6,1,1,0,423099
1689,3,2.8,13,6.1,1,1,0,491476
2228,3,2.9,6,4.3,0,0,0,567008
2267,3,2.9,9,6.3,2,1,0,572345
2526,4,4.1,6,7.5,1,1,0,636555
3608,6,5.0,15,8.6,1,1,0,870300
1858,3,2.5,34,5.0,0,1,0,462481
1361,2,2.8,2,6.6,1,0,0,488521
896,1,1.9,7,7.0,2,1,0,422297
1415,2,2.0,2,8.3,1,1,0,512144
1973,3,3.0,14,2.3,2,1,0,498771
3435,5,4.5,19,2.1,1,0,0,561649
1585,2,2.5,40,7.4,0,1,1,527017
2179,3,3.7,4,3.4,1,1,0,526989
1986,3,2.7,44,5.7,1,0,0,514771
2950,5,4.7,0,4.6,0,0,0,619898
4021,6,5.0,13,2.6,1,1,0,695673
1575,2,2.4,0,7.1,1,1,0,571985
1608,2,1.6,33,8.7,0,0,0,496193
2835,5,5.0,11,4.0,1,1,0,672299
2545,3,3.0,16,3.8,1,1,0,556642
3477,6,5.0,26,3.9,1,1,0,681922
2467,4,4.7,2,7.5,1,0,0,675243
1712,4,4.7,0,2.4,1,1,0,475964
2472,4,4.1,31,8.2,0,0,0,643302
2886,5,5.0,5,5.4,2,0,0,652192
2656,4,4.1,2,3.8,2,0,0,530493
2405,3,3.7,9,9.2,1,1,0,690672
2853,5,5.0,13,4.9,0,0,0,643189
2935,5,5.0,0,4.7,1,0,0,617889
3105,5,5.0,4,4.8,1,0,1,713834
2518,6,5.0,0,2.3,2,1,0,570005
1866,2,2.9,8,7.8,2,1,1,643884
2117,4,4.7,33,3.9,2,1,0,453463
2965,5,5.0,60,3.9,0,0,0,522189
1346,2,1.8,15,7.7,2,0,1,505642
2294,4,4.7,2,5.7,1,0,0,644668
1685,3,3.8,35,8.1,2,1,1,581571
2022,3,2.9,10,2.7,1,0,0,429836
3022,5,5.0,2,5.1,1,0,1,758561
2152,3,2.6,38,7.7,1,1,0,606699
2037,4,3.7,21,4.2,0,0,0,498428
912,1,1.3,19,4.9,1,0,1,332970
2597,4,4.4,18,6.6,2,0,0,686609
2516,4,4.5,3,2.4,0,0,0,538461
3730,6,5.0,3,6.9,0,1,0,835247
1753,3,3.9,17,3.5,0,1,0,432180
2175,4,3.6,3,7.6,1,0,1,661382
2199,3,2.7,8,2.5,2,0,0,414709
3261,6,5.0,22,8.5,0,1,0,829379
1923,4,4.4,22,9.4,0,1,0,615686
2223,5,5.0,9,5.7,2,0,0,592202
2486,4,4.5,23,7.0,2,1,0,706446
2149,4,4.7,27,4.1,0,0,0,521206
1642,3,2.5,15,2.1,1,1,0,333406
2155,4,4.3,3,4.1,1,1,0,510780
2858,4,4.2,4,1.6,1,1,1,590963
1178,2,2.2,5,4.6,1,1,0,346177
2106,3,2.6,1,3.7,2,0,0,535500
1439,2,2.5,4,8.2,0,1,0,530017
2956,5,5.0,3,2.4,1,1,0,641707
781,1,1.6,9,6.8,1,1,0,377173
1552,3,3.2,35,7.0,1,0,0,469554
2301,4,3.7,1,3.1,2,1,0,568344
3252,6,5.0,19,7.5,1,1,0,774148
1947,4,3.8,17,8.1,0,0,0,545812
1555,3,3.8,1,5.2,1,0,0,485644
3504,6,5.0,38,3.0,1,0,0,595308
841,1,1.0,12,4.3,2,1,0,381584
500,1,1.9,6,3.9,1,1,1,314726
2352,4,4.3,21,5.3,1,1,0,557750
1598,3,2.6,4,5.7,1,0,1,533915
1183,2,2.4,17,4.3,1,1,0,417243
2566,4,3.9,0,4.5,1,1,0,599031
2195,3,3.7,27,5.7,1,0,0,607062
1548,2,2.7,8,8.2,2,0,1,640930
975,2,3.0,15,4.2,1,0,0,351700
2697,4,4.3,3,5.7,1,1,1,709202
2520,5,5.0,16,5.7,2,0,0,669864
1920,3,3.6,22,3.7,2,0,0,429752
3477,6,5.0,9,7.4,2,0,0,818641
1143,1,1.3,14,7.4,2,1,1,473504
779,1,1.3,9,6.8,0,0,0,336592
1446,1,1.0,33,3.7,1,0,0,344768
1963,3,3.1,10,3.5,1,1,0,478462
2194,3,3.8,27,8.9,1,1,0,607319
1807,4,4.8,24,2.4,2,1,0,459951
2281,4,3.6,7,6.0,1,1,0,593591
998,2,1.6,3,2.6,1,1,0,354297
3155,6,5.0,7,6.0,2,1,0,785881
1934,3,3.8,26,6.8,1,1,1,561599
2893,6,5.0,3,2.8,1,0,0,631141
2274,4,4.6,11,4.5,1,1,0,578158
2365,4,3.7,24,2.5,1,0,1,492051
2455,5,5.0,6,1.4,0,0,0,456434
2358,3,3.0,15,7.7,2,1,0,621530
2514,4,4.7,4,4.1,1,1,0,548940
3063,5,4.9,1,9.0,2,1,0,770946
2157,3,3.5,23,5.0,1,1,0,535066
2567,4,3.9,1,7.1,1,1,0,614438
1928,4,4.6,4,8.7,1,1,0,626164
3152,5,5.0,28,4.5,1,1,0,685545
1458,3,2.7,6,6.9,2,1,1,597957
3440,5,5.0,54,7.2,0,0,0,691147
1967,2,2.4,58,3.7,2,0,0,438928
855,2,1.7,4,4.1,2,1,0,346109
2102,3,3.1,0,1.3,2,0,0,410753
1455,2,1.7,18,6.6,1,0,0,460840
2672,4,4.6,8,6.3,2,0,0,641594
1477,3,3.6,1,6.4,1,0,0,490914
1643,3,2.7,18,5.6,0,1,0,473888
500,1,1.3,0,5.5,1,1,0,365817
1638,3,3.7,30,3.8,2,1,0,488884
500,1,1.9,2,8.0,0,1,0,377443
732,1,1.3,2,6.9,1,1,0,391141
2608,4,4.9,2,9.7,0,1,0,777486
2628,5,5.0,48,7.6,1,1,0,674531
2340,5,5.0,17,5.0,0,1,0,598629
1226,2,2.8,24,7.5,2,0,0,503985
1961,3,3.2,7,3.6,1,0,0,489295
1997,3,3.2,6,4.4,2,1,0,525473
1073,1,1.2,4,1.9,1,1,1,277655
3202,5,5.0,9,3.0,2,1,1,677002
2701,5,5.0,12,7.6,1,1,0,702301
1823,2,2.1,14,6.2,1,0,0,518874
2021,5,5.0,4,3.7,1,0,0,551084
2166,4,4.2,44,8.7,1,1,0,691329
500,1,1.4,2,3.7,2,0,0,297965
1802,3,2.9,50,4.9,1,1,0,433196
1454,2,2.7,0,6.3,2,1,1,573574
1198,2,2.2,9,3.3,1,1,0,371355
1775,3,3.0,6,5.7,0,0,0,458456
3438,6,5.0,8,6.9,1,1,0,822017
2512,4,3.9,12,5.2,0,1,0,582208
1543,3,3.9,8,2.9,1,1,0,355273
2458,4,4.0,8,6.6,1,1,0,614151
3119,4,3.8,19,4.3,2,1,0,656120
2739,4,4.2,17,7.6,0,0,0,663937
2047,3,3.0,26,6.4,0,1,0,508891
1482,3,2.6,4,8.2,0,1,0,563172
2558,5,5.0,14,7.5,1,0,0,691352
2314,3,3.3,13,5.9,2,0,0,538207
2716,5,5.0,6,6.0,2,0,1,775121
2508,3,3.0,9,5.7,1,1,0,567322
2839,5,5.0,5,2.9,2,1,0,599947
1571,2,2.9,2,8.3,1,0,0,557182
3053,5,5.0,3,7.9,0,1,1,772323
2158,4,3.9,1,7.2,0,1,0,658788
3660,5,4.9,17,7.1,2,0,0,802341
1448,2,2.2,16,5.0,1,0,0,386308
3388,5,5.0,45,2.7,1,0,1,649995
2158,4,3.8,19,3.9,1,1,0,428777
1478,2,2.6,0,7.8,1,0,0,534374
1612,1,1.0,32,3.5,2,1,0,429537
1743,3,3.1,29,3.8,0,1,0,355759
2339,4,4.7,8,2.2,1,1,0,492159
2418,5,5.0,13,3.8,1,0,0,499374
1541,2,2.3,55,7.1,0,1,0,463313
1980,3,2.8,11,3.1,1,1,1,551105
3713,6,5.0,35,1.7,1,0,0,638438
3382,5,4.6,1,3.2,1,0,0,645482
2349,4,4.8,3,8.0,1,1,0,599748
2030,3,2.8,8,3.6,1,1,0,449016
2096,4,4.8,13,6.8,1,0,0,586129
2490,4,4.0,25,6.6,1,1,0,636594
1181,2,2.6,60,1.9,1,1,0,288013
1794,2,2.0,7,1.4,1,1,0,395722
665,1,1.9,0,5.5,1,0,0,309629
2319,4,3.7,24,8.6,0,1,0,657282
2517,4,3.8,13,2.4,2,0,1,523750
1613,3,3.2,3,4.3,1,1,1,458009
3259,6,5.0,10,5.6,2,1,1,747924
1019,2,1.8,20,5.0,2,0,0,386506
828,1,1.9,22,1.8,1,1,0,170833
2179,3,4.0,10,4.3,1,0,1,480827
2837,5,5.0,5,4.8,1,1,0,750455
3347,6,5.0,54,6.5,1,0,0,696504
1632,3,3.3,16,7.2,2,1,0,600105
2862,4,3.9,7,4.4,1,0,0,603900
1969,3,3.6,4,6.5,0,1,0,541232
1861,3,3.5,19,4.8,1,1,0,515835
2706,3,4.0,4,6.5,2,1,0,682937
2521,5,4.9,2,5.5,1,0,0,614547
738,1,1.5,11,7.2,1,1,0,402440
3181,6,5.0,5,7.1,1,0,0,765541
3104,6,5.0,14,6.6,1,1,0,721633
1499,2,1.5,1,8.2,1,1,0,526624
2316,4,5.0,15,3.5,1,1,0,508593
2395,4,4.7,4,4.3,1,1,0,540976
2208,3,3.7,0,4.4,1,0,0,578462
1559,3,3.3,2,2.7,1,1,0,381292
1462,2,2.0,40,5.4,1,0,0,436397
1979,3,2.7,30,5.4,1,1,0,500805
2938,5,4.9,3,5.0,0,1,0,675374
2434,3,3.1,22,2.7,1,1,0,495422
1703,3,3.6,14,7.0,1,1,0,494421
2617,5,5.0,53,5.0,1,0,0,577508
500,1,1.0,7,7.6,1,1,0,403571
2919,5,4.5,17,2.6,0,0,0,521030
608,1,1.0,0,4.6,1,1,1,408611
1710,2,2.1,7,6.6,1,1,1,568965
1104,2,2.9,49,8.5,1,0,0,482909
964,2,2.5,11,6.9,1,0,0,447695
2928,5,5.0,5,8.8,1,0,1,721338
1625,3,3.2,1,9.8,2,1,1,690345
2277,4,4.0,18,7.9,0,0,0,686122
1962,3,2.7,15,4.8,1,1,0,526222
2381,5,5.0,7,8.9,2,1,0,729236
2061,4,4.7,45,3.7,1,0,0,432860
973,2,1.8,0,4.7,2,1,0,355404
2797,4,4.3,5,8.0,0,1,0,676681
1604,4,4.2,38,6.7,1,0,0,490067
754,2,2.4,5,4.9,1,1,1,351435
1657,3,3.9,4,2.7,0,0,0,385080
3200,5,5.0,11,5.4,1,0,0,698318
2680,4,4.3,26,6.4,1,1,0,601204
1721,3,2.6,1,3.9,1,1,0,434767
1720,3,2.6,42,5.0,2,1,1,480428
1742,2,1.8,23,8.0,0,1,0,516422
3661,6,5.0,2,7.6,1,1,0,849257
2305,4,4.6,18,2.7,1,0,0,489943
2344,4,4.6,7,3.3,1,0,0,504951
2824,5,4.7,7,3.3,1,0,0,564106
2191,4,4.8,22,3.0,1,1,0,499701
1792,2,1.7,49,7.2,0,1,0,538108
1842,3,3.0,2,3.3,1,0,0,393776
1942,2,1.9,8,7.6,2,0,0,603590
1970,4,4.1,9,5.1,1,1,1,516190
2582,4,3.9,7,4.9,1,0,0,598095
2041,4,4.2,6,3.6,0,1,1,548608
2586,4,4.1,0,6.6,1,1,0,626614
1935,4,5.0,17,6.9,1,1,1,628122
2062,4,3.6,8,2.2,1,0,0,408652
500,1,1.0,3,8.2,2,1,0,456709
2733,4,3.6,25,3.7,1,0,0,503957
2277,4,4.4,24,5.2,0,1,0,529265
2798,4,3.6,9,9.4,1,0,0,747501
500,1,1.8,5,1.9,1,1,0,245344
3670,6,5.0,15,5.3,1,1,1,798181
1888,4,4.3,5,5.3,1,0,0,536414
2886,4,4.3,4,4.8,1,1,1,655643
1168,2,1.8,19,7.7,1,1,0,442226
2490,4,3.8,0,4.3,1,0,0,606738
1157,2,2.0,1,4.1,0,0,0,362002
1500,3,3.4,0,9.3,0,1,0,572367
3531,5,4.8,2,6.4,1,1,0,737507
1847,2,1.7,1,1.5,0,1,0,405535
2173,3,4.0,60,5.6,1,1,0,567690
2696,4,3.5,5,7.7,1,1,0,695996
2396,3,3.7,2,7.5,1,1,0,637101
2120,4,4.7,4,6.5,1,1,0,602421
2291,4,3.9,41,3.3,2,0,0,485796
3922,6,5.0,11,6.7,1,1,0,868926
1953,3,2.7,6,3.3,2,0,0,425424
2160,4,4.5,30,2.8,1,0,0,443691
2840,6,5.0,7,3.5,1,1,1,642689
2884,5,5.0,6,7.7,1,1,0,755031
2949,5,5.0,3,4.6,0,0,0,655471
2510,4,4.5,7,3.2,2,0,0,557929
1085,2,1.7,5,7.8,0,1,1,540763
3306,5,4.9,16,6.5,1,1,0,723173
1082,2,2.8,5,3.7,1,1,0,409689
2242,3,2.8,12,2.6,0,1,1,455823
1396,3,2.6,1,4.5,0,0,0,389860
1948,3,3.6,3,6.0,0,0,0,532976
2263,4,4.1,7,5.5,1,0,0,604296
2257,4,4.9,41,8.1,2,0,0,630230
2337,4,4.5,7,7.9,1,1,0,685615
3290,5,4.6,16,7.2,0,0,0,724531
2362,5,5.0,4,8.4,1,0,0,618373
1804,3,2.9,2,4.4,2,1,1,523726
2771,5,5.0,0,4.4,1,1,0,602274
2951,5,5.0,5,6.7,1,1,0,764264
1017,1,1.0,2,4.8,2,1,0,420792
2477,4,4.2,2,4.7,0,0,0,535560
2560,4,3.7,21,7.8,1,1,0,648709
1761,3,3.1,0,9.3,1,0,0,591450
3100,4,4.0,12,6.0,2,1,0,730371
1879,3,3.7,7,6.1,2,1,0,579970
2100,3,3.7,10,4.4,2,1,1,664241
1861,3,2.7,12,6.6,1,1,0,538459
2012,4,4.0,5,4.4,1,1,1,554181
1122,2,2.1,5,6.3,1,1,0,499591
847,1,1.0,19,7.4,2,0,0,415030
3275,5,5.0,30,5.2,2,1,0,682357
1322,2,2.6,3,8.6,1,0,0,531498
1206,2,1.8,1,5.2,1,1,0,440064
500,1,1.1,34,3.3,0,0,0,190549
1488,1,1.0,6,5.3,1,0,1,464618
941,1,1.4,12,5.3,1,1,0,390508
3313,5,4.7,6,6.0,1,0,0,711006
2807,4,5.0,2,8.7,1,1,0,809791
1449,2,2.7,13,3.1,0,0,0,325972
3801,6,5.0,11,5.7,2,1,1,854439
2785,5,5.0,3,7.4,2,1,0,725736
1740,3,3.9,9,6.5,2,1,0,508812
500,1,1.3,23,4.1,1,0,0,261351
3832,6,5.0,13,4.5,1,0,0,805319
888,1,1.1,1,8.8,1,1,0,472144
683,1,1.8,11,5.1,2,0,0,287357
2818,4,4.5,18,4.6,1,0,0,610421
3951,6,5.0,23,5.9,1,1,0,791159
3107,5,5.0,14,6.0,1,1,0,748253
2451,4,4.8,2,1.9,2,0,0,502660
2475,4,4.9,18,4.9,0,0,0,507423
2682,4,3.6,16,1.9,1,0,0,514295
2607,4,4.3,0,2.8,1,1,1,588106
2224,4,4.6,7,4.5,2,0,0,545283
2083,3,3.6,6,7.3,1,1,1,602995
1949,4,4.4,16,5.5,1,0,1,605754
1396,2,1.8,3,3.0,1,0,0,340562
1775,3,3.7,13,7.7,1,1,0,606512
645,1,1.6,36,3.8,1,0,0,237702
1921,3,2.6,23,6.3,1,1,0,556544
1209,3,3.2,38,3.8,1,1,0,371283
1117,2,1.8,57,6.0,2,0,0,383280
2143,4,4.0,0,8.4,1,1,0,641365
3113,5,4.5,14,5.7,1,0,0,699204
2734,4,4.1,7,3.9,1,0,1,644633
743,1,1.3,29,4.4,1,0,0,252928
1208,2,2.4,4,5.2,2,1,1,437791
2752,5,5.0,59,5.3,0,0,0,670377
1214,1,1.8,14,2.4,1,1,0,287431
1820,3,2.8,23,3.5,1,1,0,425362
2440,5,4.7,1,8.1,1,0,1,753511
1225,3,3.8,3,6.1,1,1,0,517014
2084,3,2.7,21,1.7,1,1,0,347437
932,2,3.0,0,3.5,2,1,1,410802
1518,4,4.8,25,6.0,1,1,0,501309
2255,3,3.3,0,3.5,0,1,0,498119
725,1,2.0,16,6.5,0,0,1,407153
2352,3,2.6,6,6.6,2,1,1,639994
1984,4,4.0,14,1.4,0,1,0,395521
2441,3,3.5,17,4.9,1,1,0,560674
2179,3,3.0,6,2.9,1,1,1,497206
3091,5,5.0,1,3.1,2,1,1,688540
2100,4,3.6,1,9.6,1,1,0,731899
1656,3,3.3,13,3.8,1,1,0,457146
2097,4,4.4,11,2.8,0,0,0,452454
2434,5,5.0,20,6.3,2,1,0,671471
2039,3,2.9,10,7.8,1,0,0,612085
2032,3,3.0,8,2.8,2,1,0,492780
1438,2,2.8,7,3.9,1,0,0,372940
1469,3,2.8,0,6.1,1,0,0,489018
877,2,2.7,6,8.3,0,0,0,378853
3399,6,5.0,55,6.4,1,1,0,784897
1004,2,2.6,31,4.3,1,0,0,377612
1445,2,2.6,5,2.3,1,1,1,417082
1425,3,2.8,13,4.0,0,0,1,444978
2715,5,5.0,28,4.8,0,1,0,605175
1764,3,3.8,8,6.9,0,0,1,526765
2998,6,5.0,0,6.9,1,0,0,692142
1461,2,2.9,1,7.0,2,1,0,559764
2223,3,3.2,10,5.5,1,1,1,567241
1331,2,1.7,52,2.7,1,0,0,285907
3716,6,5.0,17,7.5,0,1,0,832044
1049,1,1.9,1,3.7,1,1,0,346955
2247,4,4.0,3,5.4,1,0,0,574183
2507,5,5.0,22,8.4,2,0,0,650996
2331,4,4.8,27,9.0,2,1,1,726115
1851,3,3.0,14,9.0,1,0,0,624644
1896,3,2.6,15,3.7,1,1,1,473565
2035,3,3.6,0,3.5,0,1,1,478335
1882,4,4.0,26,9.2,1,1,0,666683
2771,5,5.0,23,5.7,0,1,0,632392
3768,6,5.0,4,5.9,1,1,0,814494
1554,2,2.2,18,1.7,1,0,0,319766
904,1,1.7,3,7.3,1,1,0,435066
1929,3,3.1,0,4.9,1,1,1,589368
4063,6,5.0,3,7.3,1,0,0,884318
1357,2,2.1,2,4.3,1,1,0,375586
3311,6,5.0,6,4.4,0,0,0,661357
3342,6,5.0,8,6.9,1,0,0,752261
1557,2,2.7,10,5.3,2,1,0,487331
2455,4,4.0,9,5.6,2,1,1,679663
3302,6,5.0,4,3.9,1,1,1,718995
1696,3,3.5,0,3.5,1,0,0,432593
1837,4,3.9,13,5.8,1,1,0,473093
1534,2,1.9,7,4.0,0,0,0,423201
1188,3,3.9,5,4.1,0,1,0,389523
1480,2,2.6,30,4.9,0,1,0,420359
1020,2,2.4,20,8.4,1,1,0,491088
2027,4,4.5,29,3.8,1,1,0,472963
1384,2,1.5,10,5.0,2,1,0,431762
2187,4,4.4,2,7.0,1,1,0,608527
755,1,1.3,17,3.8,1,1,0,338499
2264,4,4.3,3,8.0,1,1,0,602564
2666,5,5.0,8,4.5,1,1,0,594920
500,1,1.0,1,7.3,0,1,0,356537
2299,4,3.8,26,6.6,1,1,0,653004
2982,5,5.0,2,7.6,1,0,1,785474
1032,2,2.1,35,8.6,2,0,0,421698
3338,5,5.0,29,2.3,1,1,0,617894
2335,4,3.6,9,6.4,2,1,1,679639
1435,3,2.6,20,7.5,1,1,0,583007
1955,4,4.6,14,8.5,1,0,0,611207
2446,4,4.3,24,1.6,1,0,0,426786
2060,3,3.3,8,3.7,0,1,0,488471
2431,4,3.9,23,5.9,0,1,0,590021
1263,3,3.6,9,6.7,0,0,0,469259
2135,4,3.8,42,6.8,1,1,0,602314
869,2,1.8,9,3.2,1,1,0,321677
1911,3,3.2,9,9.0,0,0,1,638965
1276,2,1.9,23,4.9,1,0,0,430790
1411,2,1.9,25,3.3,1,0,0,339588
2988,5,5.0,12,9.1,1,0,0,740227
2873,5,5.0,2,8.1,1,1,0,770579
2487,4,4.7,9,6.3,1,0,0,585800
1126,2,2.1,51,3.3,1,0,0,261672
1746,3,2.6,20,2.7,1,1,0,384856
2970,4,3.9,25,7.1,2,1,0,682877
2113,4,5.0,0,7.0,0,1,0,650616
3855,6,5.0,9,6.1,1,0,0,802867
2314,4,4.6,15,7.9,0,1,0,671883
2153,4,3.5,26,5.0,1,1,1,579867
1752,3,3.3,0,3.5,1,1,0,450941
2106,3,2.6,28,9.5,1,1,0,679135
1878,3,3.4,11,4.2,1,1,0,471082
2566,3,3.9,3,6.7,0,1,0,634481
2765,5,5.0,5,6.7,2,1,0,697564
1371,2,2.3,4,6.1,1,0,0,490329
935,2,2.2,11,7.0,1,0,1,438185
531,1,1.9,0,5.1,1,0,0,326660
2406,4,4.5,2,3.9,0,0,1,538676
1117,2,1.6,25,3.4,0,0,0,323450
500,1,1.2,2,4.1,1,1,0,309584
2310,5,4.9,3,4.2,1,0,0,506035
3994,5,5.0,9,4.7,1,1,0,788203
1995,4,4.2,10,9.7,2,1,0,699907
2670,5,5.0,21,5.4,1,0,0,611608
2065,3,3.0,8,3.2,1,1,0,517941
1920,3,2.7,23,3.5,1,0,1,421482
2735,5,5.0,14,2.1,2,1,0,556551
1767,2,2.7,1,5.1,0,1,0,451759
2213,3,3.5,2,5.0,2,0,0,583857
2257,4,4.0,8,9.2,1,1,0,666581
1465,3,3.9,7,4.5,0,1,0,383222
2793,4,4.9,20,7.1,1,0,1,716101
1860,3,2.8,13,5.0,1,1,0,495624
1395,2,1.6,7,7.2,1,1,0,526010
2429,5,5.0,2,8.3,1,0,0,718250
1281,3,3.7,3,2.2,1,1,0,362045
2022,4,5.0,12,1.1,1,0,0,369744
1992,4,4.8,8,8.4,1,1,0,613696
2868,6,5.0,10,6.8,2,0,0,664964
2379,4,4.3,2,2.4,2,1,0,526732
1979,3,2.5,16,7.4,1,1,0,560918
2654,5,4.9,28,2.2,2,0,0,525658
3112,6,5.0,4,6.1,0,0,0,706446
2446,4,4.4,10,5.5,0,0,0,633469
2008,3,3.3,55,7.3,1,1,1,600386
950,2,2.6,6,8.1,1,0,0,461340
1147,2,1.9,13,4.0,1,1,1,345296
1755,2,2.3,1,7.0,1,1,0,544586
1512,3,2.6,13,7.0,0,1,0,527495
1850,4,4.1,1,7.4,0,0,0,577925
2045,4,4.6,47,7.7,2,0,0,565364
2423,4,4.5,18,6.3,2,1,0,631066
1943,2,3.0,23,2.2,1,1,0,413961
2389,4,3.9,18,7.9,1,1,0,653036
2051,4,4.2,13,7.4,1,1,1,623206
500,1,1.0,8,4.8,1,0,0,216183
1248,2,2.2,29,4.1,1,1,0,349514
1884,3,3.8,47,8.5,1,0,0,578014
1032,1,1.5,10,7.8,1,1,0,484093
2479,5,5.0,40,7.9,0,1,1,689764
3224,6,5.0,13,9.8,2,0,0,880263
2975,4,4.8,11,5.1,2,1,1,703842
1829,4,3.6,9,5.0,1,1,1,513948
3192,6,5.0,3,5.6,1,1,0,717419
2118,4,4.0,0,2.7,2,0,0,502130
1730,2,2.0,4,7.1,0,0,0,495357
1509,2,2.3,10,3.2,1,0,0,353805
1758,3,3.9,7,7.9,1,0,0,523633
1689,3,2.6,8,4.5,1,1,0,439484
2136,4,4.0,59,4.2,2,1,0,495207
2128,4,4.8,6,3.4,1,0,0,480120
2002,3,3.1,9,8.5,0,1,0,583802
2349,3,2.8,2,3.7,0,1,0,560001
2952,6,5.0,0,3.3,0,0,0,619252
2759,4,4.1,22,4.4,1,0,1,674244
812,2,2.9,12,6.4,1,0,0,341683
500,1,1.6,21,5.1,1,1,0,314594
2747,5,5.0,2,3.4,1,1,0,592001
906,2,3.0,12,5.6,1,1,0,398709
1820,3,3.2,4,5.9,1,0,1,593723
1063,2,1.6,3,7.5,1,1,0,414975
558,1,1.0,0,7.5,1,0,1,382778
2433,4,4.2,2,9.4,1,1,0,708916
2607,4,3.7,5,2.5,1,1,1,545738
1538,2,2.9,1,6.4,1,0,0,422439
500,1,1.7,60,2.6,2,1,1,278561
1563,3,2.9,5,2.7,1,1,1,467312
2313,3,3.4,2,4.1,1,1,0,559416
816,2,2.6,3,1.9,1,0,1,244368
2146,3,3.9,13,3.9,0,1,0,505449
1987,3,3.8,0,6.0,1,1,0,591419
2463,3,3.3,29,3.2,1,1,0,522011
2095,3,3.7,48,7.7,0,0,1,578519
1221,1,1.3,4,3.8,1,1,0,405637
2957,5,5.0,8,1.4,0,0,0,509165
1873,4,3.7,0,2.9,1,1,0,460695
1978,3,2.7,15,2.9,0,0,1,457128
1253,2,2.3,8,7.7,0,0,0,473495
1645,3,2.9,4,6.4,2,1,0,555998
1292,2,1.5,3,4.4,2,1,0,431646
1861,3,3.6,15,6.5,1,1,0,567065
3369,5,4.5,8,8.2,1,1,0,802935
902,2,2.4,2,5.5,1,0,0,355714
709,2,2.3,17,6.2,1,0,0,365594
3176,4,5.0,12,8.3,1,1,1,857855
1832,3,3.2,29,3.2,1,0,0,412894
1464,2,1.6,1,2.2,1,1,0,375861
2831,4,4.3,23,5.3,0,1,0,628693
1515,3,3.8,16,6.1,0,1,0,545011
3460,5,5.0,1,2.9,1,1,0,672262
2542,5,5.0,17,8.9,1,0,0,731525
1609,3,3.0,8,4.0,1,1,1,449113
3725,6,5.0,43,3.4,1,1,0,663986
1515,3,2.8,2,6.1,1,1,0,499992
2593,5,5.0,15,4.2,1,1,0,635592
2239,3,3.1,7,1.6,1,1,0,470087
3041,5,4.6,47,5.5,1,1,0,600727
3249,5,5.0,6,3.5,1,0,1,692065
2025,4,3.9,49,6.2,1,1,0,499859
1397,2,2.5,34,4.2,1,0,0,397639
2367,3,3.9,4,5.8,1,0,0,599172
1457,2,1.9,24,4.6,1,0,0,389145
3610,6,5.0,60,6.7,1,0,0,771017
2109,3,2.6,4,1.7,1,0,0,407956
1707,4,4.3,8,3.7,1,1,0,473920
2147,3,2.6,11,4.9,2,0,0,482693
922,2,2.9,5,6.0,1,1,0,408954
1222,3,3.6,0,3.6,2,0,0,422355
2960,6,5.0,3,5.2,1,1,1,676865
1474,2,2.7,4,4.9,2,0,1,493238
1162,2,2.5,8,7.6,1,0,0,406478
2429,4,5.0,2,5.9,2,0,0,593192
2948,5,5.0,30,7.4,0,1,0,702316
2575,4,4.9,18,4.9,0,1,1,622207
2796,5,5.0,1,2.9,1,0,0,559538
1394,1,1.0,15,7.0,2,0,0,445279
862,2,2.3,15,2.2,1,0,0,294654
3201,5,4.7,46,3.0,1,1,0,644980
1741,3,3.4,0,5.1,1,1,0,492188
1799,4,4.2,4,3.9,1,0,0,456856
3062,5,5.0,39,7.8,1,0,0,716628
2444,4,3.5,40,7.4,1,1,0,701812
2364,5,4.8,19,4.1,2,0,0,559988
3732,6,5.0,21,8.7,2,1,1,962170
1485,2,2.9,1,6.3,1,0,0,498360
2742,4,4.1,10,2.9,1,1,0,562894
2045,4,4.1,3,3.2,1,1,0,477578
2214,4,4.6,2,7.8,1,1,1,709455
3222,5,5.0,24,5.5,0,1,0,668856
2406,4,3.9,2,5.7,1,1,1,627524
2430,4,4.1,9,3.4,1,1,0,564165
2858,5,4.8,41,7.1,2,0,0,683942
1708,3,3.9,3,2.1,2,1,0,416711
1328,2,1.7,57,4.5,0,1,0,342521
1164,1,1.1,60,3.9,2,1,0,307078
500,1,1.0,12,2.7,1,0,0,227883
3644,6,5.0,2,6.7,1,1,0,820767
1117,3,3.7,5,7.8,1,1,0,469354
1822,3,2.8,8,9.5,1,1,0,619615
1778,4,3.6,5,2.7,1,0,0,412348
2245,4,4.2,4,5.9,1,0,0,570978
2652,5,4.5,53,4.7,0,0,0,569812
2688,5,4.6,2,6.4,1,1,0,662894
1533,3,3.7,19,7.1,1,1,0,608876
1866,4,4.7,0,5.1,0,1,0,567486
2226,4,4.9,13,9.1,1,1,0,737142
1801,3,3.8,37,8.2,1,1,1,573509
3285,5,5.0,5,7.0,1,1,0,714282
2392,3,2.6,3,6.2,0,1,0,580467
2587,4,4.7,15,2.5,2,1,0,561245
2530,4,4.8,18,3.0,1,1,0,539341
2938,5,5.0,17,3.1,0,1,0,576065
2144,4,4.3,5,6.9,1,0,0,548050
962,2,1.8,4,7.5,1,0,0,416075
2319,4,4.8,46,3.7,0,1,0,495187
1478,2,2.6,38,5.2,1,1,0,415098
1577,3,4.0,9,2.4,2,1,0,403008
2469,4,3.7,28,5.4,1,0,0,545931
2990,5,4.8,9,5.8,1,1,0,748245
2017,3,2.8,8,6.3,2,1,0,597893
2247,4,4.7,2,6.5,1,1,0,655720
3361,5,4.8,8,6.6,2,1,0,791103
2192,4,3.6,11,4.4,0,1,0,484187
4081,6,5.0,0,6.8,1,1,0,898872
2452,3,2.5,8,3.4,1,1,0,564286
591,2,2.8,22,4.7,1,0,0,348141
2602,5,5.0,17,4.8,1,0,0,616349
2304,4,4.8,15,5.2,1,0,0,565509
3031,5,5.0,36,5.2,0,0,0,630863
2538,4,4.9,0,9.7,1,0,0,757123
1889,4,4.9,12,4.5,1,0,0,448849
1020,3,2.5,23,2.4,0,0,0,294157
1832,3,2.6,11,3.3,2,0,0,425469
1319,3,2.9,5,4.1,2,0,0,476564
1535,3,3.5,2,5.8,1,0,0,471585
2470,3,3.8,32,5.0,1,1,0,573636
3335,5,5.0,9,3.6,1,1,1,705341
2315,4,4.4,31,8.9,1,0,0,640235
1043,2,1.8,13,3.9,2,1,0,379479
2355,4,4.7,16,6.4,1,1,0,636062
2957,5,5.0,24,6.2,2,1,0,742324
1512,2,1.9,16,5.7,1,0,0,461253
1892,3,3.2,7,5.1,1,1,0,521054
2011,3,2.6,10,5.2,2,0,1,519756
1372,2,2.3,24,7.7,1,0,0,456748
2518,4,4.3,7,4.5,1,0,0,621270
1903,4,3.7,7,6.4,1,0,0,551374
2335,3,3.2,1,5.3,1,1,0,641696
1290,3,3.0,36,6.9,1,1,0,447452
1650,3,3.3,1,8.6,2,1,0,678014
2577,4,4.4,15,2.8,1,0,1,518934
1701,2,1.5,7,6.4,2,0,0,488368
3381,5,5.0,7,5.5,1,0,0,733384
1680,3,3.6,17,8.4,1,0,0,594926
2179,3,3.0,1,6.4,2,1,0,627022
2746,4,3.6,13,5.8,1,1,0,588726
865,2,2.6,22,8.2,0,1,0,427027
591,1,1.9,26,4.8,1,1,0,271754
779,1,1.0,2,5.9,1,1,0,330440
3010,4,4.0,34,4.7,0,0,0,596513
1558,2,1.8,16,7.7,2,1,0,475812
4046,6,5.0,32,2.9,2,1,1,799917
1548,3,2.7,9,6.7,1,1,0,537903
2147,3,3.0,11,8.2,1,1,0,682422
3233,6,5.0,37,5.7,2,0,0,675360
3604,6,5.0,34,6.6,1,1,0,757232
3649,6,5.0,8,1.7,0,1,0,682044
2966,5,5.0,4,7.5,0,1,0,771553
2819,5,5.0,7,7.4,0,1,0,755139
2474,4,3.5,7,5.4,0,0,0,604904
2622,5,4.6,5,5.6,1,1,0,656214
1559,2,2.8,4,6.2,1,0,0,465078
1345,2,1.6,29,3.9,1,0,0,374249
1997,3,3.6,1,3.7,0,1,0,466584
1863,3,3.9,16,7.3,1,0,1,585918
1637,2,1.9,2,4.3,1,1,0,432386
2557,4,4.1,6,6.2,1,1,1,679038
2764,5,5.0,0,1.5,0,0,0,553942
2070,4,4.8,4,5.0,2,1,1,589716
3182,5,5.0,21,2.1,2,1,0,602998
1086,2,2.6,32,5.9,1,0,0,385535
1845,3,2.6,3,5.7,1,1,0,489630
1426,3,3.5,9,5.2,2,1,0,498843
506,1,1.1,9,3.4,1,1,0,263015
1933,3,3.2,31,6.5,2,1,0,557098
1902,3,2.6,21,7.2,1,1,0,572299
3210,5,4.8,10,4.6,1,1,0,643981
2504,4,4.7,16,2.3,1,1,0,562699
1180,3,3.2,28,5.8,1,0,0,398610
3483,5,5.0,0,2.8,1,1,0,665717
2976,5,5.0,7,8.3,1,0,0,781471
2465,3,3.8,35,7.1,1,1,0,646137
1818,3,3.6,20,5.0,0,1,1,567125
1232,3,2.9,11,6.3,1,1,0,437084
1702,3,2.7,11,9.0,1,0,0,553310
2870,4,3.9,6,6.0,1,1,0,639723
3507,6,5.0,11,4.9,0,0,0,711045
3234,6,5.0,15,4.9,0,1,0,682962
1608,2,2.3,8,7.4,1,1,0,511701
1104,1,1.4,18,5.6,1,1,0,391109
2112,4,4.0,29,8.6,0,0,0,579275
585,2,2.7,2,7.3,2,1,0,476978
2258,4,4.3,9,3.3,1,1,0,501783
1881,3,2.7,7,5.6,1,1,0,506985
1627,4,3.7,17,4.3,0,1,1,403032
724,2,2.3,4,4.4,1,0,0,270314
2410,4,4.9,15,8.4,1,1,1,702558
1573,2,2.0,31,4.2,2,1,0,416795
1064,2,2.8,8,1.9,1,1,0,328861
500,1,1.6,36,3.0,1,1,0,185331
1977,3,2.9,60,5.9,2,0,0,512805
3417,6,5.0,1,2.7,0,1,0,676965
3329,6,5.0,3,2.7,0,0,0,646388
1634,2,2.6,45,6.8,1,1,0,522149
1518,3,2.8,47,5.7,0,1,0,402702
2375,4,4.1,1,5.6,0,1,0,611436
1201,2,2.3,0,2.1,1,1,0,384074
2241,4,4.6,2,3.2,1,0,0,548328
2612,4,3.7,60,4.6,1,0,0,594198
2981,5,5.0,2,7.2,2,0,0,749350
1919,3,3.2,10,4.6,1,0,1,488524
1837,2,2.3,28,2.1,1,1,0,309127
1297,2,2.7,0,9.1,0,0,1,509357
1338,3,2.8,13,6.8,0,1,0,460397
1818,2,2.7,4,5.3,0,1,0,476606
2293,4,4.5,29,2.8,0,1,0,459207
2730,5,5.0,4,5.6,1,1,0,677587
1357,2,2.5,17,6.3,1,0,0,450084
3194,5,5.0,16,5.1,1,0,0,679708
1783,2,1.7,3,5.6,2,0,0,516118
1982,3,3.5,0,1.5,1,1,0,412750
1402,2,2.3,7,4.6,1,1,1,482519
500,1,1.5,5,1.6,0,0,1,165886
2707,5,5.0,24,7.2,1,1,0,687532
2589,5,5.0,24,9.0,1,0,0,726036
1774,3,3.4,9,6.9,0,1,0,483119
2053,4,3.6,13,4.2,2,1,0,514843
2412,5,5.0,13,1.9,1,1,0,532392
749,1,1.6,26,9.3,1,1,0,444259
1576,3,3.7,8,6.0,2,1,0,469041
2635,4,4.2,4,4.7,2,1,0,601379
996,2,2.8,4,4.7,1,0,0,325966
2234,4,3.9,11,7.2,1,1,0,646166
914,2,2.1,8,8.2,1,1,0,474798
2373,3,3.8,8,6.0,1,0,1,563516
1971,3,3.8,1,6.3,0,1,0,507580
707,1,1.5,19,8.9,1,0,0,402894
2931,5,5.0,3,3.4,2,0,0,622258
1412,2,1.6,3,1.7,1,1,0,314883
1351,2,2.8,7,5.9,2,1,0,488026
2160,5,5.0,3,5.8,2,0,0,610267
2918,6,5.0,13,5.6,1,1,0,706729
1187,3,2.9,6,4.0,1,1,0,353239
2049,3,3.1,8,7.6,1,0,0,579205
2343,4,3.9,11,3.0,1,1,0,550622
2554,4,4.0,3,4.4,1,1,0,572924
2141,3,2.7,2,6.9,1,0,0,553913
1706,2,1.9,31,6.6,1,1,0,483270
1337,3,3.4,8,7.9,2,0,0,513637
2068,3,3.2,7,7.9,1,1,0,624204
1142,2,2.0,0,3.3,0,1,0,324594
500,1,1.6,10,6.0,0,0,0,245405
2349,5,5.0,12,7.1,1,1,1,720839
2723,4,4.6,12,2.9,2,1,0,597352
500,1,1.0,18,3.9,2,0,0,265072
1192,3,3.6,2,3.2,1,1,0,379614
2495,4,3.7,4,4.3,1,0,0,549518
3645,6,5.0,24,9.1,1,1,0,850201
2016,4,4.0,44,1.6,0,1,0,340392
1417,2,2.7,2,5.6,1,1,0,513263
1853,3,2.9,10,2.0,1,1,1,437986
3099,5,4.6,3,2.0,1,1,1,577146
1483,3,2.7,0,5.2,2,1,0,454175
1360,2,2.8,5,8.0,1,1,0,537334
1613,3,3.5,2,5.9,1,1,0,521495
1237,2,1.9,18,4.0,0,1,0,336614
2098,3,3.3,11,9.1,2,0,0,620623
3299,6,5.0,2,5.4,1,1,0,722113
2258,3,3.5,0,4.2,2,1,0,498077
1798,3,2.8,24,5.9,1,1,0,496290
1766,3,3.8,2,4.2,1,1,0,469369
749,1,1.0,13,7.9,1,0,0,445279
2706,4,4.5,6,3.2,0,1,0,549399
1937,3,2.5,13,6.0,1,0,0,523625
1855,3,3.1,5,8.9,2,1,0,688548
4554,6,5.0,1,5.7,0,1,1,877661
2239,3,3.3,3,5.2,0,1,0,530539
1398,2,1.6,3,9.6,1,1,0,554177
1658,3,3.7,8,5.9,1,1,0,465322
2918,5,4.8,16,5.0,1,1,0,652515
2090,3,3.5,4,5.8,1,1,0,600501
849,2,2.7,0,7.8,1,0,1,494246
2735,4,4.3,10,9.1,2,1,0,803668
1465,2,2.6,13,5.1,1,1,0,426385
3498,6,5.0,49,4.3,2,1,0,673684
2864,4,4.0,13,3.3,1,1,0,656961
1642,2,2.7,9,6.5,2,1,0,534283
3024,5,4.9,12,4.9,0,0,0,590908
2054,3,3.4,39,2.2,1,0,1,506091
2682,4,4.6,26,8.4,0,1,0,698340
2387,4,4.1,5,6.1,1,0,0,515019
1322,2,2.0,4,5.3,2,0,0,474075
1485,2,2.2,4,7.7,1,1,0,459689
2823,5,5.0,10,6.8,2,1,0,733412
1732,3,3.9,20,7.3,1,1,0,584113
1677,3,3.3,10,2.0,1,0,0,395681
1235,2,2.5,1,4.6,2,1,0,473082
2338,4,4.9,19,2.3,1,1,0,530873
3650,6,5.0,24,3.1,1,0,0,730499
1145,2,1.8,5,6.2,1,1,0,435610
2019,3,3.6,16,6.2,2,1,0,563071
3129,5,5.0,8,4.8,1,1,0,677680
1936,3,3.8,32,2.7,1,0,0,455929
2361,4,4.1,27,5.4,0,1,0,547538
1150,2,1.6,11,7.1,1,0,1,489622
2342,3,3.2,17,6.4,2,0,0,569642
1850,3,2.8,32,7.0,2,1,1,558145
2788,5,4.9,10,5.5,0,1,0,686088
2949,5,5.0,5,7.1,1,1,0,750979
4071,6,5.0,21,7.2,1,1,0,805930
2463,4,4.7,3,8.3,0,0,0,645545
2260,4,4.1,7,4.1,1,1,0,469474
2155,4,4.4,30,7.3,0,0,0,568334
1717,2,1.6,19,8.0,1,1,0,539637
2270,4,4.0,7,4.8,1,1,1,578578
1763,3,2.6,3,9.1,1,1,1,678354
2134,4,4.9,6,7.1,1,1,0,642671
3054,4,4.7,5,2.2,2,1,0,681455
1194,2,2.2,2,4.4,0,1,0,397703
2911,6,5.0,20,4.5,1,1,0,667895
3053,5,5.0,4,7.4,1,1,0,768319
1905,3,3.0,9,6.6,1,1,0,550329
500,1,1.0,7,5.5,0,1,0,287910
1513,3,3.3,60,5.1,0,1,0,406510
3037,6,5.0,7,7.3,1,0,0,735167
1981,3,2.5,1,5.4,1,0,1,535093
1200,2,1.9,1,4.6,2,1,0,435279
1596,3,3.9,13,4.6,1,1,0,476122
2672,4,3.8,13,3.7,2,1,0,575732
2437,4,3.7,8,5.2,1,1,0,573895
1808,4,4.4,8,4.8,1,0,0,502288
1706,3,3.8,0,5.6,1,1,0,491917
1686,2,2.2,10,3.4,1,1,0,406513
1262,3,4.0,10,8.0,1,1,1,541499
3292,5,5.0,2,3.2,1,1,0,737221
1742,3,2.6,1,6.1,1,0,0,468014
2973,5,5.0,1,7.8,1,0,0,721180
3217,5,5.0,1,5.7,0,1,1,724572
2798,5,4.9,14,4.2,0,1,0,596000
1654,3,3.3,3,4.9,1,1,0,515074
2322,3,3.0,4,3.3,0,1,1,515808
1980,3,2.6,2,5.1,1,0,1,489274
1277,2,1.5,47,4.9,0,1,0,406567
2259,4,4.2,28,4.8,1,1,0,559589
1056,2,2.8,3,5.1,1,1,0,418935
2950,4,4.4,5,6.6,0,1,0,713525
1628,4,5.0,3,3.1,2,1,0,430998
2160,4,3.9,10,6.9,1,1,0,613993
2226,4,3.9,0,1.9,1,0,0,484757
1792,3,2.7,16,7.6,2,0,0,542031
2469,4,3.7,11,4.0,0,1,1,580679
1620,3,2.9,34,9.2,1,1,0,597505
2697,5,5.0,2,6.3,1,1,0,642241
923,2,2.9,24,5.8,1,1,1,389586
2101,4,5.0,23,5.6,1,1,0,500176
3551,6,5.0,2,6.6,0,1,0,797322
1199,2,2.8,7,4.9,2,0,0,465829
1457,3,3.0,2,3.0,1,0,0,361474
2411,4,3.7,4,5.8,0,0,0,573339
2143,3,3.8,4,6.5,1,1,0,626359
2280,4,4.5,12,2.9,2,0,0,515976
2391,5,4.7,7,5.3,0,1,0,568109
2507,4,4.1,44,6.9,1,0,0,656429
2887,4,3.9,2,4.2,1,1,0,632759
2327,4,4.6,54,3.5,1,1,0,497073
1806,3,3.2,3,3.8,1,1,0,464836
2538,4,5.0,22,5.2,2,0,1,647686
3519,6,5.0,6,7.1,1,0,0,775078
1893,3,3.0,2,7.0,0,1,0,606708
1220,2,2.2,29,4.6,2,1,0,436959
2885,4,4.3,5,8.8,1,1,0,766454
1903,3,3.0,16,5.8,1,1,0,530408
500,1,1.6,12,4.6,1,0,0,252018
2677,3,3.8,9,4.9,1,0,0,568919
1571,3,3.9,10,2.8,1,1,0,378458
1927,3,3.7,19,7.3,2,1,0,589917
2265,5,5.0,1,7.3,1,0,0,646870
2152,5,5.0,16,6.3,1,1,0,561737
2567,4,4.7,33,5.4,1,1,0,628307
1651,3,3.0,0,6.4,1,1,1,527993
2410,5,5.0,2,8.8,1,0,0,718954
1792,4,4.0,18,7.5,1,0,1,611857
2591,3,3.2,8,1.9,0,1,0,526731
2492,3,2.9,7,2.7,1,0,0,525351
1251,2,2.9,2,5.2,1,0,0,464219
2868,5,5.0,10,7.1,1,1,0,748624
1571,3,2.6,2,6.2,1,0,0,492951
2646,5,5.0,9,5.7,0,1,0,627139
2293,3,2.6,21,4.0,1,1,0,509776
3470,5,4.7,4,5.0,1,1,0,784083
1821,3,2.8,9,5.6,1,0,0,490384
1720,2,2.2,60,4.4,1,1,0,413245
1984,2,2.1,17,1.4,1,1,0,432766
1757,3,3.7,27,2.9,1,1,0,415240
2639,5,5.0,8,3.9,1,0,0,558435
706,1,1.1,21,7.1,0,0,1,408915
1157,2,2.0,0,6.1,1,1,0,418014
1145,2,2.0,1,2.9,1,1,0,356714
2760,4,4.7,3,7.3,0,1,0,703664
3368,5,4.6,7,8.7,1,1,0,840032
1916,3,2.5,28,5.8,1,1,0,442927
1864,3,3.7,6,6.7,1,1,0,589294
2056,4,4.2,15,9.2,1,1,0,667935
2929,5,4.7,18,4.1,1,1,0,650568
1258,2,1.9,13,7.0,1,0,0,465583
2190,4,4.9,6,3.4,1,1,0,535477
2780,4,4.8,12,4.4,1,1,0,609084
2400,4,4.6,6,3.3,1,1,0,533615
2151,4,4.2,1,8.7,1,1,1,700691
2800,4,4.3,60,2.0,2,1,0,528144
500,1,2.0,2,3.7,0,0,0,234679
2542,4,4.9,1,2.3,2,0,0,562528
1476,3,2.8,31,1.8,0,1,0,318484
535,1,1.7,5,4.6,1,0,0,258804
2408,4,3.8,15,7.0,1,1,0,659817
3098,4,3.8,5,6.1,1,0,0,742194
1890,3,3.5,7,4.9,0,0,0,442173
2762,6,5.0,4,7.1,2,0,0,715480
3289,6,5.0,6,8.2,2,1,0,865797
3051,5,4.6,7,8.2,1,1,0,794615
3311,6,5.0,19,7.0,1,0,0,773757
2593,4,4.9,10,5.3,2,0,0,624074
2060,3,3.9,43,2.7,2,1,0,377059
718,2,1.7,0,9.1,1,1,0,484895
1803,3,3.0,10,7.2,1,1,1,599564
1325,2,2.4,13,7.6,1,1,0,535375
3736,6,5.0,37,5.7,1,1,0,750190
1859,4,5.0,0,8.0,1,1,0,680564
2098,4,4.9,12,2.4,1,0,0,450846
2441,4,3.8,28,7.7,0,1,1,652040
2034,4,3.7,4,6.6,1,1,0,571257
3356,5,4.6,31,6.7,1,1,0,781309
1501,2,2.9,0,7.1,2,0,0,485240
2155,3,2.8,19,5.8,2,1,0,588357
1406,1,1.1,40,7.7,1,1,0,447493
943,2,2.2,16,3.8,1,1,0,336035
1510,2,2.4,8,4.7,0,0,0,360060
1970,3,2.6,0,2.1,1,0,0,437961
1656,2,1.8,37,4.5,0,1,0,403618
1446,2,2.9,9,5.2,1,1,0,469042
874,1,1.9,0,8.7,1,0,1,477512
1933,3,3.7,17,3.5,1,1,0,485192
796,1,1.0,9,3.1,0,0,1,272936
2608,4,4.0,1,5.1,2,1,0,659379
2065,4,4.4,3,2.4,1,0,0,474413
833,1,1.0,0,2.6,0,0,0,251847
1752,3,3.9,12,7.7,0,0,0,517635
1398,2,2.5,14,5.7,1,0,0,420438
2255,4,3.6,10,8.2,0,0,0,603433
3072,6,5.0,25,3.2,1,1,0,670500
500,1,1.9,29,5.3,1,1,0,331210
2092,3,2.6,14,6.1,2,1,0,573972
1871,3,3.3,0,5.7,0,0,1,510655
2537,4,4.0,17,7.2,1,0,0,620146
2170,4,4.1,8,4.4,1,1,0,547674
1398,2,1.8,12,9.2,1,1,0,608456
1744,3,3.4,15,6.9,1,0,0,527457
1363,2,2.9,6,6.2,2,0,0,505817
2860,4,4.3,37,3.4,1,1,0,583869
2017,3,2.6,2,1.6,1,1,0,440317
3520,5,5.0,16,6.7,2,1,0,786322
1951,2,2.0,0,6.5,0,1,0,529207
1433,2,2.8,38,3.4,0,1,0,332635
789,1,1.2,1,5.9,1,1,0,385017
557,1,1.0,1,7.1,1,0,0,354737
732,1,1.0,6,2.2,1,1,0,262836
2213,4,4.7,7,5.4,0,0,0,521403
2406,3,2.9,3,5.9,1,1,0,614991
735,2,2.7,13,3.7,1,1,0,321867
2716,5,4.8,8,6.6,1,1,1,719626
1613,2,2.0,0,6.5,1,1,0,521241
2117,4,4.2,5,1.8,1,0,1,460911
3289,5,5.0,24,3.3,2,0,1,783681
2717,5,5.0,17,6.5,1,1,0,696493
1785,2,1.8,19,4.9,1,1,0,468153
1287,1,1.0,17,3.6,1,0,0,354099
500,1,1.0,5,5.1,1,1,0,296362
1424,2,2.3,1,7.0,1,0,1,492448
1831,3,3.2,4,3.0,2,1,0,486531
1210,1,1.9,26,5.7,1,0,1,439074
1894,3,3.9,59,5.6,2,1,0,546832
2061,4,4.1,10,6.0,2,0,0,529564
1820,3,3.2,0,5.6,0,1,0,508608
1479,3,3.8,2,8.7,0,0,0,558768
2134,3,3.7,5,5.4,0,0,0,546689
2353,5,4.5,12,5.7,1,1,0,629557
1127,1,1.0,1,7.2,0,1,1,437907
3128,5,5.0,43,4.6,2,0,0,664402
1921,4,3.8,6,7.6,0,0,1,608357
2015,4,3.8,36,5.6,1,1,1,570555
2566,4,3.6,22,4.6,0,0,0,513426
2186,3,3.5,21,3.5,2,1,0,481486
2762,5,4.9,13,6.9,1,1,0,756406
2229,3,2.6,14,3.3,2,0,0,514863
1510,2,1.8,15,6.2,2,1,0,487310
2289,4,4.7,14,6.4,1,1,0,618103
1085,2,2.8,12,3.5,1,0,1,426284
2086,4,4.2,60,4.2,0,1,0,473680
1973,3,3.1,19,6.4,1,1,0,550056
1833,3,4.0,22,7.3,1,1,0,546557
1897,3,2.8,30,7.7,0,1,0,549630
500,1,1.0,3,6.4,0,0,0,267114
1561,3,2.9,1,8.7,1,0,0,581143
2074,3,2.8,9,7.4,1,0,0,618457
2127,4,4.1,10,4.6,1,0,0,561351
1177,2,2.9,26,6.6,1,0,1,432366
3012,6,5.0,8,4.9,2,1,0,631199
1307,2,2.1,12,8.0,1,0,0,499418
2775,5,5.0,11,6.2,0,0,0,689761
2341,3,2.6,0,2.9,1,1,0,454795
1483,2,1.8,14,7.5,2,0,1,519551
3420,6,5.0,26,7.1,0,0,0,761322
1045,2,2.4,2,3.7,1,0,0,314568
2735,4,3.6,13,4.9,1,0,1,570955
2800,4,4.1,13,4.1,0,1,0,569288
1463,2,2.5,2,7.1,2,1,0,510887
3113,4,4.5,1,6.2,1,0,0,644175
1799,3,3.5,58,5.5,1,0,0,490626
2230,3,3.0,7,5.2,1,0,0,583617
2208,4,3.6,3,4.7,1,1,0,557446
1892,3,3.1,2,6.1,0,1,0,555324
2648,4,3.7,16,2.4,1,1,0,486584
2634,4,4.9,14,2.4,0,0,1,528632
601,1,1.2,15,5.2,1,0,0,283752
3043,5,5.0,1,2.4,1,1,0,623706
670,1,1.6,33,6.2,2,1,1,308059
2826,5,5.0,7,9.2,1,1,0,775397
2901,6,5.0,5,2.5,1,0,0,600972
1127,2,2.7,9,6.8,1,1,0,467185
1671,3,3.8,7,7.8,1,1,1,624407
1115,1,1.5,29,6.6,2,1,1,438648
1828,3,2.6,39,6.0,1,0,0,398460
1753,2,2.3,5,7.2,2,1,1,619326
2623,4,4.6,29,2.5,1,0,0,532334
3048,5,4.7,22,6.5,2,1,1,802222
3116,6,5.0,40,2.8,1,0,0,591147
1550,3,3.8,4,4.6,1,1,0,480287
1832,3,2.5,12,4.9,1,1,0,561117
653,1,1.6,4,4.0,0,0,0,213629
1355,2,2.2,26,4.0,1,1,0,398141
2771,5,5.0,0,5.2,2,0,0,695052
3292,6,5.0,12,3.2,1,1,0,670817
1012,1,1.7,6,3.9,1,0,0,325629
1526,2,2.0,5,2.6,2,0,0,328612
1978,3,3.3,15,5.6,1,1,0,579376
2224,4,4.5,28,6.0,1,0,0,598548
1352,1,1.6,14,2.7,0,1,1,389516
2339,4,4.9,28,3.1,0,1,0,501633
1620,3,3.3,4,5.2,2,1,0,494578
1988,4,4.1,10,4.5,2,1,1,563358
2437,4,4.9,8,9.4,1,0,0,765019
2005,4,4.5,0,6.1,1,1,0,577790
1650,2,1.9,12,7.2,1,0,0,548858
1912,2,1.7,16,4.8,2,1,0,489227
1929,3,3.8,13,6.0,1,1,0,522362
1703,3,3.0,19,4.1,1,1,0,388842
1792,4,4.5,12,1.3,1,0,0,403663
3278,6,5.0,1,8.4,1,1,0,850603
2448,4,3.8,1,9.2,1,1,0,689443
1763,3,3.4,13,8.7,2,1,0,664465
2557,4,3.6,4,7.7,1,0,0,626198
1732,3,3.1,1,1.4,2,1,0,425293
2938,6,5.0,8,6.8,1,0,1,760884
2295,3,3.2,12,1.7,2,1,0,504994
1914,4,4.6,5,6.3,1,1,1,543556
2358,4,4.7,19,7.9,1,0,0,680766
743,2,2.7,15,7.0,1,0,0,390814
1098,1,1.0,6,7.5,0,1,0,429749
1044,2,1.8,21,3.3,2,0,0,346230
2114,3,3.3,15,2.4,1,0,1,489500
3386,5,5.0,15,1.9,1,1,0,566661
3785,6,5.0,12,3.7,2,1,0,714906
2510,5,5.0,0,3.1,2,1,0,620176
2400,4,4.0,17,6.3,1,0,0,614649
559,1,1.1,7,6.5,2,0,0,360932
1565,3,3.2,42,2.9,0,1,1,362629
1369,2,1.7,25,3.4,0,1,0,362445
1503,3,2.5,13,6.5,1,1,1,560527
1865,4,4.9,4,2.7,1,1,0,537137
1622,3,2.9,3,7.8,1,1,0,553614
500,2,1.9,6,3.2,1,0,0,277512
2598,4,3.6,9,7.4,1,1,0,735206
1141,2,2.9,5,7.3,2,1,0,453459
2191,3,3.4,10,4.6,1,1,0,589893
3659,6,5.0,2,6.0,2,1,0,821499
1264,2,2.9,57,8.1,1,1,0,481325
500,1,1.0,1,6.7,1,1,0,346948
1771,3,3.4,40,5.2,1,0,0,448603
2880,4,3.6,36,6.9,1,1,0,654449
3566,6,5.0,11,2.4,2,1,0,660529
1016,2,2.7,19,6.0,0,1,0,413208
2397,5,5.0,8,5.0,1,1,0,639620
1627,3,3.0,14,2.6,2,1,0,384607
1915,4,4.1,6,8.3,1,1,0,611144
4115,6,5.0,5,6.8,1,1,0,884490
797,2,1.5,12,4.8,1,1,0,312604
2202,4,3.9,10,6.7,2,1,0,635563
2374,3,2.8,12,7.6,2,1,0,647189
2868,5,4.9,5,1.8,1,1,0,519021
2078,3,3.7,6,5.2,1,1,0,560708
2246,4,3.9,1,8.7,2,0,0,663889
1686,3,2.8,0,8.0,1,0,0,590071
2215,3,3.3,4,3.4,2,1,0,515735
1725,2,2.8,1,4.4,1,1,0,445860
2497,4,3.9,1,6.6,2,0,0,646842
1704,3,2.6,25,7.1,1,0,0,549739
2301,4,4.0,0,9.2,0,0,0,729374
1976,4,4.6,16,3.7,1,1,0,516112
2900,5,5.0,4,6.7,1,1,0,703129
1958,3,3.7,30,7.0,2,0,0,562938
581,1,1.9,9,4.4,0,1,0,288567
3009,5,5.0,5,8.1,2,0,1,790572
1275,3,3.4,10,5.2,1,1,0,436368
1476,3,3.2,7,6.9,1,1,1,515557
1523,2,1.6,12,8.4,0,1,0,556428
3099,5,5.0,1,6.5,1,0,0,746903
500,1,1.1,60,7.2,1,0,0,312694
4510,6,5.0,8,1.6,1,1,0,803562
2844,5,5.0,6,3.4,1,0,0,611211
2178,4,3.9,18,6.4,1,1,0,561466
1956,3,3.4,6,5.2,2,1,0,533287
2228,5,5.0,26,7.3,1,1,0,684971
2416,4,4.2,9,3.6,1,1,0,538900
2516,5,5.0,19,3.0,1,0,0,510920
2444,4,3.9,1,2.0,2,1,0,545152
2071,4,4.2,28,8.6,1,1,0,634713
1842,3,3.3,19,8.1,0,0,0,572663
1878,2,2.5,3,3.1,1,1,0,440876
1844,4,4.7,2,5.8,1,1,0,533780
2907,5,5.0,5,5.3,0,1,0,643046
2474,4,4.5,55,3.7,2,0,0,470307
500,1,1.0,4,3.5,1,1,0,231644
2524,4,4.9,9,4.1,1,1,0,603531
2155,4,4.1,0,8.0,1,0,0,672773
1985,3,3.6,7,8.4,2,1,0,626287
1689,3,2.5,12,8.2,1,1,0,531830
2899,5,4.8,45,5.7,1,1,1,715015
2758,5,5.0,10,3.4,0,1,0,619982
1381,3,3.8,25,5.7,1,1,0,485408
2325,3,3.3,11,8.5,1,0,0,603672
1222,3,3.9,0,7.5,1,1,0,535093
896,2,2.2,5,2.5,1,1,0,318067
1498,4,4.2,12,5.5,1,0,0,501177
2689,4,3.7,45,2.7,1,1,0,526209
2762,5,5.0,29,7.1,1,1,0,673734
2410,3,2.9,3,3.8,2,1,0,541663
2580,5,5.0,3,4.1,1,1,0,640511
2412,4,4.9,3,7.0,1,1,0,674426
1486,3,3.9,38,1.5,0,0,0,266678
2345,4,4.3,28,4.1,1,1,0,593194
2640,4,4.5,22,3.0,2,1,0,600866
2603,4,4.7,7,4.1,2,0,0,638634
2951,4,3.7,10,6.5,1,0,0,709149
2566,5,5.0,9,7.5,1,1,0,672868
2281,3,2.6,4,8.5,0,1,0,655420
2856,5,5.0,10,6.1,2,0,0,705824
1978,2,1.7,0,6.9,1,0,0,502030
1294,2,1.8,2,4.0,1,0,1,362508
1869,4,4.0,32,1.4,0,1,0,404981
1404,3,3.1,20,5.3,2,0,0,471160
